name,rmsd,mut
P00698_1her_d5821_unrelaxed_rank_1_model_5.pdb,0.37937069655918776,['T40S']
P00698_1her_d5821_unrelaxed_rank_2_model_4.pdb,0.39503508229422907,['T40S']
P00698_1her_d5821_unrelaxed_rank_3_model_3.pdb,0.3438125036949706,['T40S']
P00698_1her_d5821_unrelaxed_rank_4_model_2.pdb,0.4141028245690001,['T40S']
P00698_1her_d5821_unrelaxed_rank_5_model_1.pdb,0.3932884196174246,['T40S']
