name,rmsd,mut
P00720_1l33_bd093_unrelaxed_rank_1_model_5.pdb,0.5174498503957993,['V131A']
P00720_1l33_bd093_unrelaxed_rank_2_model_4.pdb,0.4268610817416335,['V131A']
P00720_1l33_bd093_unrelaxed_rank_3_model_2.pdb,0.4031799420589808,['V131A']
P00720_1l33_bd093_unrelaxed_rank_4_model_1.pdb,0.5652953685312337,['V131A']
P00720_1l33_bd093_unrelaxed_rank_5_model_3.pdb,0.7585356520635154,['V131A']
