name,rmsd,mut
P00720_1l58_3d612_unrelaxed_rank_1_model_4.pdb,0.4521111907584635,['P143A']
P00720_1l58_3d612_unrelaxed_rank_2_model_5.pdb,0.5406149737694855,['P143A']
P00720_1l58_3d612_unrelaxed_rank_3_model_2.pdb,0.39102989809021654,['P143A']
P00720_1l58_3d612_unrelaxed_rank_4_model_3.pdb,0.6973817583402919,['P143A']
P00720_1l58_3d612_unrelaxed_rank_5_model_1.pdb,0.6084405732628135,['P143A']
