name,rmsd,mut
P00720_1l22_a4332_unrelaxed_rank_1_model_5.pdb,0.48790723415221543,['K124G']
P00720_1l22_a4332_unrelaxed_rank_2_model_4.pdb,0.3999501596442066,['K124G']
P00720_1l22_a4332_unrelaxed_rank_3_model_2.pdb,0.38205286279090456,['K124G']
P00720_1l22_a4332_unrelaxed_rank_4_model_3.pdb,0.8507196439563098,['K124G']
P00720_1l22_a4332_unrelaxed_rank_5_model_1.pdb,0.5351171185379616,['K124G']
