name,rmsd,mut
P00720_1l38_a471e_unrelaxed_rank_1_model_4.pdb,0.4399636625281836,['Q123E']
P00720_1l38_a471e_unrelaxed_rank_2_model_5.pdb,0.5188478870431057,['Q123E']
P00720_1l38_a471e_unrelaxed_rank_3_model_2.pdb,0.39111874827951665,['Q123E']
P00720_1l38_a471e_unrelaxed_rank_4_model_3.pdb,0.7637796653652434,['Q123E']
P00720_1l38_a471e_unrelaxed_rank_5_model_1.pdb,0.6297812372719886,['Q123E']
