name,rmsd,mut
P00720_1l16_ade76_unrelaxed_rank_1_model_5.pdb,0.5393229110651174,['G156D']
P00720_1l16_ade76_unrelaxed_rank_2_model_4.pdb,0.48090381256213327,['G156D']
P00720_1l16_ade76_unrelaxed_rank_3_model_2.pdb,0.4367518365542867,['G156D']
P00720_1l16_ade76_unrelaxed_rank_4_model_3.pdb,0.9070661523984611,['G156D']
P00720_1l16_ade76_unrelaxed_rank_5_model_1.pdb,0.6730079866273762,['G156D']
