name,rmsd,mut
P00720_1l07_87220_unrelaxed_rank_1_model_4.pdb,0.4772196678886761,['T157F']
P00720_1l07_87220_unrelaxed_rank_2_model_5.pdb,0.5742095164429944,['T157F']
P00720_1l07_87220_unrelaxed_rank_3_model_2.pdb,0.4524219169108911,['T157F']
P00720_1l07_87220_unrelaxed_rank_4_model_3.pdb,0.7582412183330111,['T157F']
P00720_1l07_87220_unrelaxed_rank_5_model_1.pdb,0.6408460520619598,['T157F']
