name,rmsd,mut
P00720_1l98_79afb_unrelaxed_rank_1_model_5.pdb,0.5077164133192837,['Q105E']
P00720_1l98_79afb_unrelaxed_rank_2_model_4.pdb,0.442006628063865,['Q105E']
P00720_1l98_79afb_unrelaxed_rank_3_model_2.pdb,0.4225689563111412,['Q105E']
P00720_1l98_79afb_unrelaxed_rank_4_model_3.pdb,0.7815466200562016,['Q105E']
P00720_1l98_79afb_unrelaxed_rank_5_model_1.pdb,0.6212633677249119,['Q105E']
