name,rmsd,mut
P00720_1l05_30f86_unrelaxed_rank_1_model_5.pdb,0.5649929852801568,['T157D']
P00720_1l05_30f86_unrelaxed_rank_2_model_4.pdb,0.49593870303344256,['T157D']
P00720_1l05_30f86_unrelaxed_rank_3_model_2.pdb,0.43369132805963173,['T157D']
P00720_1l05_30f86_unrelaxed_rank_4_model_3.pdb,0.8921033375837101,['T157D']
P00720_1l05_30f86_unrelaxed_rank_5_model_1.pdb,0.6506276052765201,['T157D']
