name,rmsd,mut
P00720_1dyg_c7a70_unrelaxed_rank_1_model_5.pdb,0.47279226684872044,['V131E']
P00720_1dyg_c7a70_unrelaxed_rank_2_model_4.pdb,0.3936864214829044,['V131E']
P00720_1dyg_c7a70_unrelaxed_rank_3_model_2.pdb,0.33996837404857566,['V131E']
P00720_1dyg_c7a70_unrelaxed_rank_4_model_3.pdb,0.7467895387873822,['V131E']
P00720_1dyg_c7a70_unrelaxed_rank_5_model_1.pdb,0.4116901875391497,['V131E']
