name,rmsd,mut
P00720_1l09_3871c_unrelaxed_rank_1_model_5.pdb,0.5673619741260859,['T157H']
P00720_1l09_3871c_unrelaxed_rank_2_model_4.pdb,0.46560911047096076,['T157H']
P00720_1l09_3871c_unrelaxed_rank_3_model_2.pdb,0.4426469033503227,['T157H']
P00720_1l09_3871c_unrelaxed_rank_4_model_3.pdb,0.7348809657203221,['T157H']
P00720_1l09_3871c_unrelaxed_rank_5_model_1.pdb,0.558756151923688,['T157H']
