name,rmsd,mut
P00720_1l11_d2a72_unrelaxed_rank_1_model_5.pdb,0.5641728245403357,['T157L']
P00720_1l11_d2a72_unrelaxed_rank_2_model_4.pdb,0.4806063295735302,['T157L']
P00720_1l11_d2a72_unrelaxed_rank_3_model_2.pdb,0.4430493678300275,['T157L']
P00720_1l11_d2a72_unrelaxed_rank_4_model_3.pdb,0.8972927009836132,['T157L']
P00720_1l11_d2a72_unrelaxed_rank_5_model_1.pdb,0.6357681781430939,['T157L']
