name,rmsd,mut
P00720_1l25_9d1f8_unrelaxed_rank_1_model_4.pdb,0.4673773796019639,['P86A']
P00720_1l25_9d1f8_unrelaxed_rank_2_model_5.pdb,0.5332133866506458,['P86A']
P00720_1l25_9d1f8_unrelaxed_rank_3_model_2.pdb,0.4200953203830792,['P86A']
P00720_1l25_9d1f8_unrelaxed_rank_4_model_3.pdb,0.8411735926182338,['P86A']
P00720_1l25_9d1f8_unrelaxed_rank_5_model_1.pdb,0.5968173668650781,['P86A']
