name,rmsd,mut
P00720_1l03_82680_unrelaxed_rank_1_model_5.pdb,0.5563561798017141,['T157C']
P00720_1l03_82680_unrelaxed_rank_2_model_4.pdb,0.44684527172140137,['T157C']
P00720_1l03_82680_unrelaxed_rank_3_model_2.pdb,0.4066992747504091,['T157C']
P00720_1l03_82680_unrelaxed_rank_4_model_3.pdb,0.8741177770558184,['T157C']
P00720_1l03_82680_unrelaxed_rank_5_model_1.pdb,0.6421216546501092,['T157C']
