name,rmsd,mut
P00720_1l21_683e5_unrelaxed_rank_1_model_4.pdb,0.46476889188578185,['N55G']
P00720_1l21_683e5_unrelaxed_rank_2_model_5.pdb,0.5579449114306487,['N55G']
P00720_1l21_683e5_unrelaxed_rank_3_model_2.pdb,0.4267888866944932,['N55G']
P00720_1l21_683e5_unrelaxed_rank_4_model_3.pdb,0.8740008687338419,['N55G']
P00720_1l21_683e5_unrelaxed_rank_5_model_1.pdb,0.6390421376662541,['N55G']
