name,rmsd,mut
P00720_1l00_61b06_unrelaxed_rank_1_model_5.pdb,0.4891531095200476,['Q105A']
P00720_1l00_61b06_unrelaxed_rank_2_model_4.pdb,0.41399061268962056,['Q105A']
P00720_1l00_61b06_unrelaxed_rank_3_model_2.pdb,0.428569437990469,['Q105A']
P00720_1l00_61b06_unrelaxed_rank_4_model_3.pdb,0.7539665870271136,['Q105A']
P00720_1l00_61b06_unrelaxed_rank_5_model_1.pdb,0.6016959603341209,['Q105A']
