name,rmsd,mut
P00720_1dyd_f1332_unrelaxed_rank_1_model_4.pdb,0.42513101770584477,['V131L']
P00720_1dyd_f1332_unrelaxed_rank_2_model_2.pdb,0.36702935087289107,['V131L']
P00720_1dyd_f1332_unrelaxed_rank_3_model_5.pdb,0.4698870503226415,['V131L']
P00720_1dyd_f1332_unrelaxed_rank_4_model_3.pdb,0.9230129754946669,['V131L']
P00720_1dyd_f1332_unrelaxed_rank_5_model_1.pdb,0.6590468599629147,['V131L']
