name,rmsd,mut
P00720_1l26_a30a0_unrelaxed_rank_1_model_4.pdb,0.49447463919661333,['P86C']
P00720_1l26_a30a0_unrelaxed_rank_2_model_5.pdb,0.5684575216786896,['P86C']
P00720_1l26_a30a0_unrelaxed_rank_3_model_2.pdb,0.4352669992678615,['P86C']
P00720_1l26_a30a0_unrelaxed_rank_4_model_3.pdb,0.8604616059559085,['P86C']
P00720_1l26_a30a0_unrelaxed_rank_5_model_1.pdb,0.5837351234786425,['P86C']
