name,rmsd,mut
P00720_1l34_7bb7f_unrelaxed_rank_1_model_4.pdb,0.4438442749581423,['R96H']
P00720_1l34_7bb7f_unrelaxed_rank_2_model_5.pdb,0.5245956828433024,['R96H']
P00720_1l34_7bb7f_unrelaxed_rank_3_model_2.pdb,0.3890992387465992,['R96H']
P00720_1l34_7bb7f_unrelaxed_rank_4_model_3.pdb,0.8151001846465055,['R96H']
P00720_1l34_7bb7f_unrelaxed_rank_5_model_1.pdb,0.549960826300774,['R96H']
