name,rmsd,mut
P00720_1l24_25c17_unrelaxed_rank_1_model_4.pdb,0.4526916381235474,['A82P']
P00720_1l24_25c17_unrelaxed_rank_2_model_5.pdb,0.5273980980396482,['A82P']
P00720_1l24_25c17_unrelaxed_rank_3_model_2.pdb,0.40149581260990713,['A82P']
P00720_1l24_25c17_unrelaxed_rank_4_model_3.pdb,0.8099857627126843,['A82P']
P00720_1l24_25c17_unrelaxed_rank_5_model_1.pdb,0.6328770986531339,['A82P']
