name,rmsd,mut
P00720_1l14_eb277_unrelaxed_rank_1_model_5.pdb,0.5898692421754649,['T157S']
P00720_1l14_eb277_unrelaxed_rank_2_model_4.pdb,0.48859338761291665,['T157S']
P00720_1l14_eb277_unrelaxed_rank_3_model_2.pdb,0.449849562217306,['T157S']
P00720_1l14_eb277_unrelaxed_rank_4_model_3.pdb,0.855809864644982,['T157S']
P00720_1l14_eb277_unrelaxed_rank_5_model_1.pdb,0.6608203153360507,['T157S']
