name,rmsd,mut
P00720_1l48_b0f67_unrelaxed_rank_1_model_4.pdb,0.45902916317351433,['A98V']
P00720_1l48_b0f67_unrelaxed_rank_2_model_5.pdb,0.5155581676476402,['A98V']
P00720_1l48_b0f67_unrelaxed_rank_3_model_2.pdb,0.4048600340677344,['A98V']
P00720_1l48_b0f67_unrelaxed_rank_4_model_3.pdb,0.8330236147471125,['A98V']
P00720_1l48_b0f67_unrelaxed_rank_5_model_1.pdb,0.5431747310384247,['A98V']
