name,rmsd,mut
P00720_1dya_b1204_unrelaxed_rank_1_model_4.pdb,0.44035445981408244,['V131D']
P00720_1dya_b1204_unrelaxed_rank_2_model_5.pdb,0.4715270687353403,['V131D']
P00720_1dya_b1204_unrelaxed_rank_3_model_3.pdb,1.1218802795705134,['V131D']
P00720_1dya_b1204_unrelaxed_rank_4_model_2.pdb,0.38533824007599854,['V131D']
P00720_1dya_b1204_unrelaxed_rank_5_model_1.pdb,0.6166232143936056,['V131D']
