name,rmsd,mut
P00720_1l06_e8c17_unrelaxed_rank_1_model_4.pdb,0.5274644888527658,['T157E']
P00720_1l06_e8c17_unrelaxed_rank_2_model_5.pdb,0.6074422091057211,['T157E']
P00720_1l06_e8c17_unrelaxed_rank_3_model_2.pdb,0.465341722837215,['T157E']
P00720_1l06_e8c17_unrelaxed_rank_4_model_3.pdb,0.7130765024382874,['T157E']
P00720_1l06_e8c17_unrelaxed_rank_5_model_1.pdb,0.5485369887650803,['T157E']
