name,rmsd,mut
P00720_1l12_c181c_unrelaxed_rank_1_model_5.pdb,0.5646965348252506,['T157N']
P00720_1l12_c181c_unrelaxed_rank_2_model_4.pdb,0.468143509671133,['T157N']
P00720_1l12_c181c_unrelaxed_rank_3_model_2.pdb,0.43969523797815085,['T157N']
P00720_1l12_c181c_unrelaxed_rank_4_model_3.pdb,0.8586255626585685,['T157N']
P00720_1l12_c181c_unrelaxed_rank_5_model_1.pdb,0.5384683873139047,['T157N']
