name,rmsd,mut
P00720_1l69_4cd51_unrelaxed_rank_1_model_5.pdb,0.5119019945734947,['L133A']
P00720_1l69_4cd51_unrelaxed_rank_2_model_4.pdb,0.39799069568433665,['L133A']
P00720_1l69_4cd51_unrelaxed_rank_3_model_2.pdb,0.355104978808625,['L133A']
P00720_1l69_4cd51_unrelaxed_rank_4_model_3.pdb,0.8577003483932393,['L133A']
P00720_1l69_4cd51_unrelaxed_rank_5_model_1.pdb,0.5574259740129153,['L133A']
