name,rmsd,mut
P00698_1heo_7d404_unrelaxed_rank_1_model_5.pdb,0.33540367605594973,['I55V']
P00698_1heo_7d404_unrelaxed_rank_2_model_4.pdb,0.3486738518764601,['I55V']
P00698_1heo_7d404_unrelaxed_rank_3_model_3.pdb,0.2975557037094559,['I55V']
P00698_1heo_7d404_unrelaxed_rank_4_model_2.pdb,0.3832605599288453,['I55V']
P00698_1heo_7d404_unrelaxed_rank_5_model_1.pdb,0.3587595324668229,['I55V']
