name,rmsd,mut
P00720_1dyd_f1332_unrelaxed_rank_1_model_4.pdb,0.562447122251138,['V131L']
P00720_1dyd_f1332_unrelaxed_rank_2_model_2.pdb,0.4131874627428069,['V131L']
P00720_1dyd_f1332_unrelaxed_rank_3_model_5.pdb,0.6279323242147359,['V131L']
P00720_1dyd_f1332_unrelaxed_rank_4_model_3.pdb,0.6726986107304714,['V131L']
P00720_1dyd_f1332_unrelaxed_rank_5_model_1.pdb,0.46440604700442656,['V131L']
