name,rmsd,mut
P00720_1dyc_758d8_unrelaxed_rank_1_model_5.pdb,0.6843784824578272,['V131I']
P00720_1dyc_758d8_unrelaxed_rank_2_model_4.pdb,0.5983598830624491,['V131I']
P00720_1dyc_758d8_unrelaxed_rank_3_model_2.pdb,0.4192209313659873,['V131I']
P00720_1dyc_758d8_unrelaxed_rank_4_model_3.pdb,0.6822793261089507,['V131I']
P00720_1dyc_758d8_unrelaxed_rank_5_model_1.pdb,0.37454642864442866,['V131I']
