name,rmsd,mut
P00720_1l12_c181c_unrelaxed_rank_1_model_5.pdb,0.684859001693138,['T157N']
P00720_1l12_c181c_unrelaxed_rank_2_model_4.pdb,0.5986759243119193,['T157N']
P00720_1l12_c181c_unrelaxed_rank_3_model_2.pdb,0.41760633451207946,['T157N']
P00720_1l12_c181c_unrelaxed_rank_4_model_3.pdb,0.6882525846378141,['T157N']
P00720_1l12_c181c_unrelaxed_rank_5_model_1.pdb,0.32739808844319535,['T157N']
