name,rmsd,mut
P00720_1l38_a471e_unrelaxed_rank_1_model_4.pdb,0.5816997587980016,['Q123E']
P00720_1l38_a471e_unrelaxed_rank_2_model_5.pdb,0.6533394560029004,['Q123E']
P00720_1l38_a471e_unrelaxed_rank_3_model_2.pdb,0.40192875289770486,['Q123E']
P00720_1l38_a471e_unrelaxed_rank_4_model_3.pdb,0.6461684863181355,['Q123E']
P00720_1l38_a471e_unrelaxed_rank_5_model_1.pdb,0.5338305210252073,['Q123E']
