name,rmsd,mut
P00720_1l48_b0f67_unrelaxed_rank_1_model_4.pdb,0.598075358826454,['A98V']
P00720_1l48_b0f67_unrelaxed_rank_2_model_5.pdb,0.6448717856712264,['A98V']
P00720_1l48_b0f67_unrelaxed_rank_3_model_2.pdb,0.40280377172159354,['A98V']
P00720_1l48_b0f67_unrelaxed_rank_4_model_3.pdb,0.5794050170639529,['A98V']
P00720_1l48_b0f67_unrelaxed_rank_5_model_1.pdb,0.34575739350368834,['A98V']
