name,rmsd,mut
P00720_1l09_3871c_unrelaxed_rank_1_model_5.pdb,0.6790226063629232,['T157H']
P00720_1l09_3871c_unrelaxed_rank_2_model_4.pdb,0.575105644828212,['T157H']
P00720_1l09_3871c_unrelaxed_rank_3_model_2.pdb,0.38395290782329417,['T157H']
P00720_1l09_3871c_unrelaxed_rank_4_model_3.pdb,0.5132644231662957,['T157H']
P00720_1l09_3871c_unrelaxed_rank_5_model_1.pdb,0.4084454397169954,['T157H']
