name,rmsd,mut
P00720_1l27_4d829_unrelaxed_rank_1_model_5.pdb,0.6248693608725691,['P86D']
P00720_1l27_4d829_unrelaxed_rank_2_model_4.pdb,0.6132235098799711,['P86D']
P00720_1l27_4d829_unrelaxed_rank_3_model_2.pdb,0.34479625457767765,['P86D']
P00720_1l27_4d829_unrelaxed_rank_4_model_3.pdb,0.8281232835245128,['P86D']
P00720_1l27_4d829_unrelaxed_rank_5_model_1.pdb,0.4311053727978671,['P86D']
