name,rmsd,mut
P00720_1l07_87220_unrelaxed_rank_1_model_4.pdb,0.5962987360553551,['T157F']
P00720_1l07_87220_unrelaxed_rank_2_model_5.pdb,0.6690098832436897,['T157F']
P00720_1l07_87220_unrelaxed_rank_3_model_2.pdb,0.3526882365205954,['T157F']
P00720_1l07_87220_unrelaxed_rank_4_model_3.pdb,0.5311611015039951,['T157F']
P00720_1l07_87220_unrelaxed_rank_5_model_1.pdb,0.49813075558785047,['T157F']
