name,rmsd,mut
P00720_1l45_c2b96_unrelaxed_rank_1_model_4.pdb,0.6218758848850393,['K135E']
P00720_1l45_c2b96_unrelaxed_rank_2_model_5.pdb,0.6730637088856128,['K135E']
P00720_1l45_c2b96_unrelaxed_rank_3_model_2.pdb,0.4157768191125813,['K135E']
P00720_1l45_c2b96_unrelaxed_rank_4_model_3.pdb,0.7977601025063495,['K135E']
P00720_1l45_c2b96_unrelaxed_rank_5_model_1.pdb,0.439043016108202,['K135E']
