name,rmsd,mut
P00720_1l00_61b06_unrelaxed_rank_1_model_5.pdb,0.8704260427267074,['Q105A']
P00720_1l00_61b06_unrelaxed_rank_2_model_4.pdb,0.756799266696612,['Q105A']
P00720_1l00_61b06_unrelaxed_rank_3_model_2.pdb,0.6757847452671036,['Q105A']
P00720_1l00_61b06_unrelaxed_rank_4_model_3.pdb,0.24862340146988463,['Q105A']
P00720_1l00_61b06_unrelaxed_rank_5_model_1.pdb,0.40346364138464214,['Q105A']
