name,rmsd,mut
P00698_1heo_7d404_unrelaxed_rank_1_model_5.pdb,0.5016157056390825,['I55V']
P00698_1heo_7d404_unrelaxed_rank_2_model_4.pdb,0.48531839246305225,['I55V']
P00698_1heo_7d404_unrelaxed_rank_3_model_3.pdb,0.47129840535213,['I55V']
P00698_1heo_7d404_unrelaxed_rank_4_model_2.pdb,0.5216099895027718,['I55V']
P00698_1heo_7d404_unrelaxed_rank_5_model_1.pdb,0.5085173071002536,['I55V']
