name,rmsd,mut
P00698_1her_d5821_unrelaxed_rank_1_model_5.pdb,0.5127965403689038,['T40S']
P00698_1her_d5821_unrelaxed_rank_2_model_4.pdb,0.5026817896281686,['T40S']
P00698_1her_d5821_unrelaxed_rank_3_model_3.pdb,0.48512132815861375,['T40S']
P00698_1her_d5821_unrelaxed_rank_4_model_2.pdb,0.5370654202248663,['T40S']
P00698_1her_d5821_unrelaxed_rank_5_model_1.pdb,0.5184041468006394,['T40S']
