name,rmsd,mut
P00720_1l15_b22a4_unrelaxed_rank_1_model_5.pdb,0.5879384540873888,['T157V']
P00720_1l15_b22a4_unrelaxed_rank_2_model_4.pdb,0.5063350058447735,['T157V']
P00720_1l15_b22a4_unrelaxed_rank_3_model_2.pdb,0.4583440028701955,['T157V']
P00720_1l15_b22a4_unrelaxed_rank_4_model_3.pdb,0.8588159120314801,['T157V']
P00720_1l15_b22a4_unrelaxed_rank_5_model_1.pdb,0.6515051983850615,['T157V']
