name,rmsd,mut
P00720_1dyf_0067a_unrelaxed_rank_1_model_5.pdb,0.4539594260279781,['V131M']
P00720_1dyf_0067a_unrelaxed_rank_2_model_4.pdb,0.3784919994948327,['V131M']
P00720_1dyf_0067a_unrelaxed_rank_3_model_2.pdb,0.3369439569175319,['V131M']
P00720_1dyf_0067a_unrelaxed_rank_4_model_3.pdb,0.8293636317980454,['V131M']
P00720_1dyf_0067a_unrelaxed_rank_5_model_1.pdb,0.6507290985889327,['V131M']
