name,rmsd,mut
P00720_1l99_16304_unrelaxed_rank_1_model_4.pdb,0.4617192652141808,['Q105G']
P00720_1l99_16304_unrelaxed_rank_2_model_5.pdb,0.5070008884916829,['Q105G']
P00720_1l99_16304_unrelaxed_rank_3_model_2.pdb,0.48070596263651555,['Q105G']
P00720_1l99_16304_unrelaxed_rank_4_model_3.pdb,0.8749696881242811,['Q105G']
P00720_1l99_16304_unrelaxed_rank_5_model_1.pdb,0.5430105175884439,['Q105G']
