name,rmsd,mut
P00720_1l53_02c2a_unrelaxed_rank_1_model_5.pdb,0.5195544776118146,['V149C']
P00720_1l53_02c2a_unrelaxed_rank_2_model_4.pdb,0.496414596605736,['V149C']
P00720_1l53_02c2a_unrelaxed_rank_3_model_2.pdb,0.4767585387824079,['V149C']
P00720_1l53_02c2a_unrelaxed_rank_4_model_3.pdb,1.0664048186381445,['V149C']
P00720_1l53_02c2a_unrelaxed_rank_5_model_1.pdb,0.6728127585205339,['V149C']
