name,rmsd,mut
P00720_1l57_44c91_unrelaxed_rank_1_model_5.pdb,0.5259043299507791,['N116D']
P00720_1l57_44c91_unrelaxed_rank_2_model_4.pdb,0.44322120864986364,['N116D']
P00720_1l57_44c91_unrelaxed_rank_3_model_2.pdb,0.3997874988600162,['N116D']
P00720_1l57_44c91_unrelaxed_rank_4_model_3.pdb,0.8006795761427363,['N116D']
P00720_1l57_44c91_unrelaxed_rank_5_model_1.pdb,0.5970872029680553,['N116D']
