name,rmsd,mut
P00720_1l47_2ece2_unrelaxed_rank_1_model_5.pdb,0.5125717297717656,['R154E']
P00720_1l47_2ece2_unrelaxed_rank_2_model_4.pdb,0.4445984200476151,['R154E']
P00720_1l47_2ece2_unrelaxed_rank_3_model_2.pdb,0.40025414237425155,['R154E']
P00720_1l47_2ece2_unrelaxed_rank_4_model_3.pdb,0.692984849187586,['R154E']
P00720_1l47_2ece2_unrelaxed_rank_5_model_1.pdb,0.5006448763737316,['R154E']
