name,rmsd,mut
P00720_1l37_86905_unrelaxed_rank_1_model_4.pdb,0.4346817744367693,['T115E']
P00720_1l37_86905_unrelaxed_rank_2_model_5.pdb,0.528806796121862,['T115E']
P00720_1l37_86905_unrelaxed_rank_3_model_2.pdb,0.40056913709569686,['T115E']
P00720_1l37_86905_unrelaxed_rank_4_model_3.pdb,0.8787208621417417,['T115E']
P00720_1l37_86905_unrelaxed_rank_5_model_1.pdb,0.5954532688577133,['T115E']
