name,rmsd,mut
P00720_1l44_d7882_unrelaxed_rank_1_model_5.pdb,0.5090622993863244,['R119E']
P00720_1l44_d7882_unrelaxed_rank_2_model_4.pdb,0.4193302491604542,['R119E']
P00720_1l44_d7882_unrelaxed_rank_3_model_2.pdb,0.3937854120679291,['R119E']
P00720_1l44_d7882_unrelaxed_rank_4_model_3.pdb,0.8260590437276122,['R119E']
P00720_1l44_d7882_unrelaxed_rank_5_model_1.pdb,0.5105991912589075,['R119E']
