name,rmsd,mut
P00720_1l29_0b649_unrelaxed_rank_1_model_4.pdb,0.4525332861368344,['P86H']
P00720_1l29_0b649_unrelaxed_rank_2_model_5.pdb,0.534176261894388,['P86H']
P00720_1l29_0b649_unrelaxed_rank_3_model_2.pdb,0.41762563348903364,['P86H']
P00720_1l29_0b649_unrelaxed_rank_4_model_3.pdb,0.8507520087304203,['P86H']
P00720_1l29_0b649_unrelaxed_rank_5_model_1.pdb,0.6041591171966167,['P86H']
