name,rmsd,mut
P00720_1l31_4f90c_unrelaxed_rank_1_model_5.pdb,0.5339775015918452,['P86R']
P00720_1l31_4f90c_unrelaxed_rank_2_model_4.pdb,0.44854617062093044,['P86R']
P00720_1l31_4f90c_unrelaxed_rank_3_model_2.pdb,0.3982632786094632,['P86R']
P00720_1l31_4f90c_unrelaxed_rank_4_model_3.pdb,0.8200310321343981,['P86R']
P00720_1l31_4f90c_unrelaxed_rank_5_model_1.pdb,0.4946961245434589,['P86R']
