name,rmsd,mut
P00720_1l27_4d829_unrelaxed_rank_1_model_5.pdb,0.5222036613384167,['P86D']
P00720_1l27_4d829_unrelaxed_rank_2_model_4.pdb,0.46106845965968807,['P86D']
P00720_1l27_4d829_unrelaxed_rank_3_model_2.pdb,0.3991576631104814,['P86D']
P00720_1l27_4d829_unrelaxed_rank_4_model_3.pdb,0.9351320748604987,['P86D']
P00720_1l27_4d829_unrelaxed_rank_5_model_1.pdb,0.5602527332665945,['P86D']
