name,rmsd,mut
P00720_1l30_ebc83_unrelaxed_rank_1_model_4.pdb,0.44343716251136917,['P86L']
P00720_1l30_ebc83_unrelaxed_rank_2_model_5.pdb,0.5239331452133773,['P86L']
P00720_1l30_ebc83_unrelaxed_rank_3_model_2.pdb,0.40912407577476756,['P86L']
P00720_1l30_ebc83_unrelaxed_rank_4_model_3.pdb,0.803403569877281,['P86L']
P00720_1l30_ebc83_unrelaxed_rank_5_model_1.pdb,0.5055752725831728,['P86L']
