name,rmsd,mut
P00720_1l28_86283_unrelaxed_rank_1_model_5.pdb,0.5559692566947358,['P86G']
P00720_1l28_86283_unrelaxed_rank_2_model_4.pdb,0.4550009384800902,['P86G']
P00720_1l28_86283_unrelaxed_rank_3_model_2.pdb,0.41125571778237224,['P86G']
P00720_1l28_86283_unrelaxed_rank_4_model_3.pdb,0.7894444299439484,['P86G']
P00720_1l28_86283_unrelaxed_rank_5_model_1.pdb,0.583410773845285,['P86G']
