name,rmsd,mut
P00720_1l10_e37a6_unrelaxed_rank_1_model_5.pdb,0.5494217288880212,['T157I']
P00720_1l10_e37a6_unrelaxed_rank_2_model_4.pdb,0.47851700236657285,['T157I']
P00720_1l10_e37a6_unrelaxed_rank_3_model_2.pdb,0.4410161578850469,['T157I']
P00720_1l10_e37a6_unrelaxed_rank_4_model_3.pdb,0.6155167011939463,['T157I']
P00720_1l10_e37a6_unrelaxed_rank_5_model_1.pdb,0.5779576901693488,['T157I']
