name,rmsd,mut
P00720_1l02_1a6d8_unrelaxed_rank_1_model_5.pdb,0.5950443774023926,['T157A']
P00720_1l02_1a6d8_unrelaxed_rank_2_model_4.pdb,0.49173917328929423,['T157A']
P00720_1l02_1a6d8_unrelaxed_rank_3_model_2.pdb,0.4543599758747123,['T157A']
P00720_1l02_1a6d8_unrelaxed_rank_4_model_3.pdb,0.9362174569423427,['T157A']
P00720_1l02_1a6d8_unrelaxed_rank_5_model_1.pdb,0.5159417168507139,['T157A']
