name,rmsd,mut
P00720_1dyc_758d8_unrelaxed_rank_1_model_5.pdb,0.5163046204902177,['V131I']
P00720_1dyc_758d8_unrelaxed_rank_2_model_4.pdb,0.43567261725390233,['V131I']
P00720_1dyc_758d8_unrelaxed_rank_3_model_2.pdb,0.38266795116625557,['V131I']
P00720_1dyc_758d8_unrelaxed_rank_4_model_3.pdb,0.841397823299879,['V131I']
P00720_1dyc_758d8_unrelaxed_rank_5_model_1.pdb,0.5173061712836637,['V131I']
