name,rmsd,mut
P00720_1l20_230f6_unrelaxed_rank_1_model_4.pdb,0.44854126275749173,['N144D']
P00720_1l20_230f6_unrelaxed_rank_2_model_5.pdb,0.570287788197051,['N144D']
P00720_1l20_230f6_unrelaxed_rank_3_model_2.pdb,0.419949271736527,['N144D']
P00720_1l20_230f6_unrelaxed_rank_4_model_3.pdb,0.9628805451930413,['N144D']
P00720_1l20_230f6_unrelaxed_rank_5_model_1.pdb,0.5768168359965363,['N144D']
