name,rmsd,mut
P00720_1l46_8411c_unrelaxed_rank_1_model_5.pdb,0.5307543595582126,['K147E']
P00720_1l46_8411c_unrelaxed_rank_2_model_4.pdb,0.4212449010265996,['K147E']
P00720_1l46_8411c_unrelaxed_rank_3_model_2.pdb,0.392655765737473,['K147E']
P00720_1l46_8411c_unrelaxed_rank_4_model_3.pdb,0.7581933638937165,['K147E']
P00720_1l46_8411c_unrelaxed_rank_5_model_1.pdb,0.5417480828061321,['K147E']
