name,rmsd,mut
P00720_1l19_e6a8b_unrelaxed_rank_1_model_5.pdb,0.5451435057140608,['S38D']
P00720_1l19_e6a8b_unrelaxed_rank_2_model_4.pdb,0.4484214467443596,['S38D']
P00720_1l19_e6a8b_unrelaxed_rank_3_model_2.pdb,0.4165731448232081,['S38D']
P00720_1l19_e6a8b_unrelaxed_rank_4_model_3.pdb,0.7216005526485626,['S38D']
P00720_1l19_e6a8b_unrelaxed_rank_5_model_1.pdb,0.5669498629798242,['S38D']
