name,rmsd,mut
P00720_1l60_c7f5b_unrelaxed_rank_1_model_4.pdb,0.5132574986203331,['G113A']
P00720_1l60_c7f5b_unrelaxed_rank_2_model_5.pdb,0.5927906859051906,['G113A']
P00720_1l60_c7f5b_unrelaxed_rank_3_model_2.pdb,0.4434824320221563,['G113A']
P00720_1l60_c7f5b_unrelaxed_rank_4_model_3.pdb,0.7530525501285125,['G113A']
P00720_1l60_c7f5b_unrelaxed_rank_5_model_1.pdb,0.6813329328768791,['G113A']
