name,rmsd,mut
P00720_1l45_c2b96_unrelaxed_rank_1_model_4.pdb,0.4357148562286726,['K135E']
P00720_1l45_c2b96_unrelaxed_rank_2_model_5.pdb,0.518676826594503,['K135E']
P00720_1l45_c2b96_unrelaxed_rank_3_model_2.pdb,0.4022631310564226,['K135E']
P00720_1l45_c2b96_unrelaxed_rank_4_model_3.pdb,0.9564974867000058,['K135E']
P00720_1l45_c2b96_unrelaxed_rank_5_model_1.pdb,0.6060465044551502,['K135E']
