name,rmsd,mut
P61626_1inu_3a3c9_unrelaxed_rank_1_model_5.pdb,0.04617523728202025,['V110R']
P61626_1inu_3a3c9_unrelaxed_rank_2_model_3.pdb,0.11954584345043116,['V110R']
P61626_1inu_3a3c9_unrelaxed_rank_3_model_4.pdb,0.1235643400151313,['V110R']
P61626_1inu_3a3c9_unrelaxed_rank_4_model_2.pdb,0.1418484226454175,['V110R']
P61626_1inu_3a3c9_unrelaxed_rank_5_model_1.pdb,0.11949817023799227,['V110R']
