name,rmsd,mut
P61626_1gby_02d41_unrelaxed_rank_1_model_5.pdb,0.05001033183125169,['V110M']
P61626_1gby_02d41_unrelaxed_rank_2_model_3.pdb,0.1283752764158647,['V110M']
P61626_1gby_02d41_unrelaxed_rank_3_model_4.pdb,0.13184766941783668,['V110M']
P61626_1gby_02d41_unrelaxed_rank_4_model_2.pdb,0.1346244633896487,['V110M']
P61626_1gby_02d41_unrelaxed_rank_5_model_1.pdb,0.12060567779456906,['V110M']
