name,rmsd,mut
P61626_1oue_67f0f_unrelaxed_rank_1_model_5.pdb,0.11917703678772712,['V125A']
P61626_1oue_67f0f_unrelaxed_rank_2_model_3.pdb,0.1571740120040522,['V125A']
P61626_1oue_67f0f_unrelaxed_rank_3_model_4.pdb,0.15414177941718812,['V125A']
P61626_1oue_67f0f_unrelaxed_rank_4_model_2.pdb,0.16339125482164654,['V125A']
P61626_1oue_67f0f_unrelaxed_rank_5_model_1.pdb,0.17161770863751574,['V125A']
