name,rmsd,mut
P61626_1yaq_d4469_unrelaxed_rank_1_model_5.pdb,0.09453418704442974,['I89V']
P61626_1yaq_d4469_unrelaxed_rank_2_model_3.pdb,0.14231203513672416,['I89V']
P61626_1yaq_d4469_unrelaxed_rank_3_model_4.pdb,0.14370506453554166,['I89V']
P61626_1yaq_d4469_unrelaxed_rank_4_model_2.pdb,0.16751000164037644,['I89V']
P61626_1yaq_d4469_unrelaxed_rank_5_model_1.pdb,0.14941204362607174,['I89V']
