name,rmsd,mut
P61626_1oui_75b31_unrelaxed_rank_1_model_5.pdb,0.14702693759304847,['V93A']
P61626_1oui_75b31_unrelaxed_rank_2_model_3.pdb,0.13937964619295065,['V93A']
P61626_1oui_75b31_unrelaxed_rank_3_model_4.pdb,0.14379519878569086,['V93A']
P61626_1oui_75b31_unrelaxed_rank_4_model_2.pdb,0.161432965508323,['V93A']
P61626_1oui_75b31_unrelaxed_rank_5_model_1.pdb,0.1722037309872426,['V93A']
