name,rmsd,mut
P61626_1gb9_b5251_unrelaxed_rank_1_model_5.pdb,0.055760937475581814,['V74F']
P61626_1gb9_b5251_unrelaxed_rank_2_model_3.pdb,0.12387128985347604,['V74F']
P61626_1gb9_b5251_unrelaxed_rank_3_model_4.pdb,0.13774175178215747,['V74F']
P61626_1gb9_b5251_unrelaxed_rank_4_model_2.pdb,0.14755176795053745,['V74F']
P61626_1gb9_b5251_unrelaxed_rank_5_model_1.pdb,0.12320825075155804,['V74F']
