name,rmsd,mut
P61626_1ouh_95b0b_unrelaxed_rank_1_model_5.pdb,0.058905127723855887,['V74A']
P61626_1ouh_95b0b_unrelaxed_rank_2_model_3.pdb,0.12282418946379521,['V74A']
P61626_1ouh_95b0b_unrelaxed_rank_3_model_4.pdb,0.12879876530887688,['V74A']
P61626_1ouh_95b0b_unrelaxed_rank_4_model_2.pdb,0.14991203686563706,['V74A']
P61626_1ouh_95b0b_unrelaxed_rank_5_model_1.pdb,0.12493335480340105,['V74A']
