name,rmsd,mut
P61626_1wqq_80b67_unrelaxed_rank_1_model_5.pdb,0.08493957995686766,['Y54F']
P61626_1wqq_80b67_unrelaxed_rank_2_model_3.pdb,0.13876079230724883,['Y54F']
P61626_1wqq_80b67_unrelaxed_rank_3_model_4.pdb,0.1452485654170067,['Y54F']
P61626_1wqq_80b67_unrelaxed_rank_4_model_2.pdb,0.16068395415189152,['Y54F']
P61626_1wqq_80b67_unrelaxed_rank_5_model_1.pdb,0.1284718493042356,['Y54F']
