name,rmsd,mut
P61626_1wqo_80e15_unrelaxed_rank_1_model_5.pdb,0.054843151848159764,['Y38F']
P61626_1wqo_80e15_unrelaxed_rank_2_model_3.pdb,0.11983462641877006,['Y38F']
P61626_1wqo_80e15_unrelaxed_rank_3_model_4.pdb,0.13191368021982305,['Y38F']
P61626_1wqo_80e15_unrelaxed_rank_4_model_2.pdb,0.14184540408984234,['Y38F']
P61626_1wqo_80e15_unrelaxed_rank_5_model_1.pdb,0.13084804057712715,['Y38F']
