name,rmsd,mut
P61626_1gfv_135dd_unrelaxed_rank_1_model_5.pdb,0.04714988585621578,['V110N']
P61626_1gfv_135dd_unrelaxed_rank_2_model_3.pdb,0.12308670669933404,['V110N']
P61626_1gfv_135dd_unrelaxed_rank_3_model_4.pdb,0.13393789308440296,['V110N']
P61626_1gfv_135dd_unrelaxed_rank_4_model_2.pdb,0.1485796784281381,['V110N']
P61626_1gfv_135dd_unrelaxed_rank_5_model_1.pdb,0.12862531884067038,['V110N']
