name,rmsd,mut
P61626_1gfj_09f32_unrelaxed_rank_1_model_5.pdb,0.0552596416771937,['V74D']
P61626_1gfj_09f32_unrelaxed_rank_2_model_3.pdb,0.13152534853766515,['V74D']
P61626_1gfj_09f32_unrelaxed_rank_3_model_4.pdb,0.13029706621224393,['V74D']
P61626_1gfj_09f32_unrelaxed_rank_4_model_2.pdb,0.14090654285326285,['V74D']
P61626_1gfj_09f32_unrelaxed_rank_5_model_1.pdb,0.12285451480284006,['V74D']
