name,rmsd,mut
P61626_1lhl_2d062_unrelaxed_rank_1_model_5.pdb,0.047285695418899626,['A47P']
P61626_1lhl_2d062_unrelaxed_rank_2_model_3.pdb,0.11738568747995112,['A47P']
P61626_1lhl_2d062_unrelaxed_rank_3_model_4.pdb,0.13267498675282122,['A47P']
P61626_1lhl_2d062_unrelaxed_rank_4_model_2.pdb,0.1209262151539199,['A47P']
P61626_1lhl_2d062_unrelaxed_rank_5_model_1.pdb,0.1290747682016624,['A47P']
