name,rmsd,mut
P61626_1wqm_98012_unrelaxed_rank_1_model_5.pdb,0.04470594057279612,['Y124F']
P61626_1wqm_98012_unrelaxed_rank_2_model_3.pdb,0.12516016645910724,['Y124F']
P61626_1wqm_98012_unrelaxed_rank_3_model_4.pdb,0.12516616629769417,['Y124F']
P61626_1wqm_98012_unrelaxed_rank_4_model_2.pdb,0.13644737463469628,['Y124F']
P61626_1wqm_98012_unrelaxed_rank_5_model_1.pdb,0.11554457102812946,['Y124F']
