name,rmsd,mut
P61626_1gb6_3db01_unrelaxed_rank_1_model_5.pdb,0.04310784258429194,['V74I']
P61626_1gb6_3db01_unrelaxed_rank_2_model_3.pdb,0.1196352905885735,['V74I']
P61626_1gb6_3db01_unrelaxed_rank_3_model_4.pdb,0.1316012939185463,['V74I']
P61626_1gb6_3db01_unrelaxed_rank_4_model_2.pdb,0.13936550745022866,['V74I']
P61626_1gb6_3db01_unrelaxed_rank_5_model_1.pdb,0.12960518618606084,['V74I']
