name,rmsd,mut
P61626_1yam_5865b_unrelaxed_rank_1_model_5.pdb,0.06527892600140327,['I106V']
P61626_1yam_5865b_unrelaxed_rank_2_model_3.pdb,0.12515755879362006,['I106V']
P61626_1yam_5865b_unrelaxed_rank_3_model_4.pdb,0.12682171657070618,['I106V']
P61626_1yam_5865b_unrelaxed_rank_4_model_2.pdb,0.15984396462114492,['I106V']
P61626_1yam_5865b_unrelaxed_rank_5_model_1.pdb,0.12050942715694428,['I106V']
