name,rmsd,mut
P00720_1l16_ade76_unrelaxed_rank_1_model_5.pdb,0.09970081081309408,['G156D']
P00720_1l16_ade76_unrelaxed_rank_2_model_4.pdb,0.27039592796977135,['G156D']
P00720_1l16_ade76_unrelaxed_rank_3_model_2.pdb,0.41881772180495763,['G156D']
P00720_1l16_ade76_unrelaxed_rank_4_model_3.pdb,1.34407259677208,['G156D']
P00720_1l16_ade76_unrelaxed_rank_5_model_1.pdb,0.795289103846521,['G156D']
