name,rmsd,mut
P00720_1l99_16304_unrelaxed_rank_1_model_4.pdb,0.37074774053794196,['Q105G']
P00720_1l99_16304_unrelaxed_rank_2_model_5.pdb,0.11106792469248006,['Q105G']
P00720_1l99_16304_unrelaxed_rank_3_model_2.pdb,0.4062833672694669,['Q105G']
P00720_1l99_16304_unrelaxed_rank_4_model_3.pdb,1.0051623432781105,['Q105G']
P00720_1l99_16304_unrelaxed_rank_5_model_1.pdb,0.5422113088655262,['Q105G']
