name,rmsd,mut
P00720_1l48_b0f67_unrelaxed_rank_1_model_4.pdb,0.26450015435631813,['A98V']
P00720_1l48_b0f67_unrelaxed_rank_2_model_5.pdb,0.14093271669998644,['A98V']
P00720_1l48_b0f67_unrelaxed_rank_3_model_2.pdb,0.3761905013956561,['A98V']
P00720_1l48_b0f67_unrelaxed_rank_4_model_3.pdb,1.0297920888120695,['A98V']
P00720_1l48_b0f67_unrelaxed_rank_5_model_1.pdb,0.6383088228946059,['A98V']
