name,rmsd,mut
P00720_1dyc_758d8_unrelaxed_rank_1_model_5.pdb,0.03816723977787007,['V131I']
P00720_1dyc_758d8_unrelaxed_rank_2_model_4.pdb,0.24044236170096606,['V131I']
P00720_1dyc_758d8_unrelaxed_rank_3_model_2.pdb,0.3418612763691532,['V131I']
P00720_1dyc_758d8_unrelaxed_rank_4_model_3.pdb,0.9936998480732181,['V131I']
P00720_1dyc_758d8_unrelaxed_rank_5_model_1.pdb,0.6014036432606934,['V131I']
