name,rmsd,mut
P00720_1dyd_f1332_unrelaxed_rank_1_model_4.pdb,0.2868210879931396,['V131L']
P00720_1dyd_f1332_unrelaxed_rank_2_model_2.pdb,0.35350192897177896,['V131L']
P00720_1dyd_f1332_unrelaxed_rank_3_model_5.pdb,0.10347748897849121,['V131L']
P00720_1dyd_f1332_unrelaxed_rank_4_model_3.pdb,1.0788443035916826,['V131L']
P00720_1dyd_f1332_unrelaxed_rank_5_model_1.pdb,0.7507829667931839,['V131L']
