name,rmsd,mut
P00720_1l20_230f6_unrelaxed_rank_1_model_4.pdb,0.2617497069228796,['N144D']
P00720_1l20_230f6_unrelaxed_rank_2_model_5.pdb,0.05628501536980451,['N144D']
P00720_1l20_230f6_unrelaxed_rank_3_model_2.pdb,0.33616279253451115,['N144D']
P00720_1l20_230f6_unrelaxed_rank_4_model_3.pdb,1.4331886433861587,['N144D']
P00720_1l20_230f6_unrelaxed_rank_5_model_1.pdb,0.6586384412511175,['N144D']
