name,rmsd,mut
P00720_1l69_4cd51_unrelaxed_rank_1_model_5.pdb,0.08624239463876819,['L133A']
P00720_1l69_4cd51_unrelaxed_rank_2_model_4.pdb,0.25962554249695197,['L133A']
P00720_1l69_4cd51_unrelaxed_rank_3_model_2.pdb,0.3508420110077054,['L133A']
P00720_1l69_4cd51_unrelaxed_rank_4_model_3.pdb,1.0690428091792268,['L133A']
P00720_1l69_4cd51_unrelaxed_rank_5_model_1.pdb,0.6928941847179717,['L133A']
