name,rmsd,mut
P00720_1l30_ebc83_unrelaxed_rank_1_model_4.pdb,0.26845358756606985,['P86L']
P00720_1l30_ebc83_unrelaxed_rank_2_model_5.pdb,0.13058389984889437,['P86L']
P00720_1l30_ebc83_unrelaxed_rank_3_model_2.pdb,0.39176929283857775,['P86L']
P00720_1l30_ebc83_unrelaxed_rank_4_model_3.pdb,1.021346679557754,['P86L']
P00720_1l30_ebc83_unrelaxed_rank_5_model_1.pdb,0.6052558842704445,['P86L']
