name,rmsd,mut
P00720_1l06_e8c17_unrelaxed_rank_1_model_4.pdb,0.24109984399717005,['T157E']
P00720_1l06_e8c17_unrelaxed_rank_2_model_5.pdb,0.08983084812265639,['T157E']
P00720_1l06_e8c17_unrelaxed_rank_3_model_2.pdb,0.39728938725859103,['T157E']
P00720_1l06_e8c17_unrelaxed_rank_4_model_3.pdb,0.9030230322039307,['T157E']
P00720_1l06_e8c17_unrelaxed_rank_5_model_1.pdb,0.6522829597324226,['T157E']
