name,rmsd,mut
P00720_1l03_82680_unrelaxed_rank_1_model_5.pdb,0.07290439287450427,['T157C']
P00720_1l03_82680_unrelaxed_rank_2_model_4.pdb,0.27868779996618753,['T157C']
P00720_1l03_82680_unrelaxed_rank_3_model_2.pdb,0.4057305649553496,['T157C']
P00720_1l03_82680_unrelaxed_rank_4_model_3.pdb,1.3207271718545783,['T157C']
P00720_1l03_82680_unrelaxed_rank_5_model_1.pdb,0.7934766533748697,['T157C']
