name,rmsd,mut
P00720_1l19_e6a8b_unrelaxed_rank_1_model_5.pdb,0.07782748599121811,['S38D']
P00720_1l19_e6a8b_unrelaxed_rank_2_model_4.pdb,0.2381759514737248,['S38D']
P00720_1l19_e6a8b_unrelaxed_rank_3_model_2.pdb,0.36575858520513416,['S38D']
P00720_1l19_e6a8b_unrelaxed_rank_4_model_3.pdb,0.9072223252131676,['S38D']
P00720_1l19_e6a8b_unrelaxed_rank_5_model_1.pdb,0.6787338732056291,['S38D']
