name,rmsd,mut
P00720_1l57_44c91_unrelaxed_rank_1_model_5.pdb,0.0673150572999525,['N116D']
P00720_1l57_44c91_unrelaxed_rank_2_model_4.pdb,0.24007778643052968,['N116D']
P00720_1l57_44c91_unrelaxed_rank_3_model_2.pdb,0.40408711024619853,['N116D']
P00720_1l57_44c91_unrelaxed_rank_4_model_3.pdb,1.0182828603794152,['N116D']
P00720_1l57_44c91_unrelaxed_rank_5_model_1.pdb,0.7351287107417476,['N116D']
