name,rmsd,mut
P00720_1l13_b411e_unrelaxed_rank_1_model_5.pdb,0.06348395790830194,['T157R']
P00720_1l13_b411e_unrelaxed_rank_2_model_4.pdb,0.2749638609479061,['T157R']
P00720_1l13_b411e_unrelaxed_rank_3_model_2.pdb,0.3795780311703441,['T157R']
P00720_1l13_b411e_unrelaxed_rank_4_model_3.pdb,0.901641303659959,['T157R']
P00720_1l13_b411e_unrelaxed_rank_5_model_1.pdb,0.7224718202923526,['T157R']
