name,rmsd,mut
P00720_1l24_25c17_unrelaxed_rank_1_model_4.pdb,0.2794734586585986,['A82P']
P00720_1l24_25c17_unrelaxed_rank_2_model_5.pdb,0.11180942541498287,['A82P']
P00720_1l24_25c17_unrelaxed_rank_3_model_2.pdb,0.3026619662657759,['A82P']
P00720_1l24_25c17_unrelaxed_rank_4_model_3.pdb,1.0010721143768406,['A82P']
P00720_1l24_25c17_unrelaxed_rank_5_model_1.pdb,0.7401694763827938,['A82P']
