name,rmsd,mut
P00720_1l07_87220_unrelaxed_rank_1_model_4.pdb,0.24291699150623236,['T157F']
P00720_1l07_87220_unrelaxed_rank_2_model_5.pdb,0.09055405771254973,['T157F']
P00720_1l07_87220_unrelaxed_rank_3_model_2.pdb,0.4133784719465229,['T157F']
P00720_1l07_87220_unrelaxed_rank_4_model_3.pdb,0.9733287797931891,['T157F']
P00720_1l07_87220_unrelaxed_rank_5_model_1.pdb,0.7616312515613431,['T157F']
