name,rmsd,mut
P00720_1l58_3d612_unrelaxed_rank_1_model_4.pdb,0.2344487059202775,['P143A']
P00720_1l58_3d612_unrelaxed_rank_2_model_5.pdb,0.05868411383614068,['P143A']
P00720_1l58_3d612_unrelaxed_rank_3_model_2.pdb,0.3277479096208337,['P143A']
P00720_1l58_3d612_unrelaxed_rank_4_model_3.pdb,0.880676789917608,['P143A']
P00720_1l58_3d612_unrelaxed_rank_5_model_1.pdb,0.7174488614898423,['P143A']
