name,rmsd,mut
P00720_1l09_3871c_unrelaxed_rank_1_model_5.pdb,0.04262056095272038,['T157H']
P00720_1l09_3871c_unrelaxed_rank_2_model_4.pdb,0.23371967104755845,['T157H']
P00720_1l09_3871c_unrelaxed_rank_3_model_2.pdb,0.3677111271746078,['T157H']
P00720_1l09_3871c_unrelaxed_rank_4_model_3.pdb,0.9089405981884491,['T157H']
P00720_1l09_3871c_unrelaxed_rank_5_model_1.pdb,0.6530489114987629,['T157H']
