name,rmsd,mut
P00720_1l10_e37a6_unrelaxed_rank_1_model_5.pdb,0.07546729196778541,['T157I']
P00720_1l10_e37a6_unrelaxed_rank_2_model_4.pdb,0.24616307259244308,['T157I']
P00720_1l10_e37a6_unrelaxed_rank_3_model_2.pdb,0.3565420537313365,['T157I']
P00720_1l10_e37a6_unrelaxed_rank_4_model_3.pdb,0.787579483119071,['T157I']
P00720_1l10_e37a6_unrelaxed_rank_5_model_1.pdb,0.7104714609904963,['T157I']
