name,rmsd,mut
P00720_1l27_4d829_unrelaxed_rank_1_model_5.pdb,0.14615688516365205,['P86D']
P00720_1l27_4d829_unrelaxed_rank_2_model_4.pdb,0.2913813523187109,['P86D']
P00720_1l27_4d829_unrelaxed_rank_3_model_2.pdb,0.41767353376720995,['P86D']
P00720_1l27_4d829_unrelaxed_rank_4_model_3.pdb,1.3181680929014983,['P86D']
P00720_1l27_4d829_unrelaxed_rank_5_model_1.pdb,0.6627742699023067,['P86D']
