name,rmsd,mut
P00720_1l29_0b649_unrelaxed_rank_1_model_4.pdb,0.2701165383630499,['P86H']
P00720_1l29_0b649_unrelaxed_rank_2_model_5.pdb,0.18188542094370067,['P86H']
P00720_1l29_0b649_unrelaxed_rank_3_model_2.pdb,0.4082564989271037,['P86H']
P00720_1l29_0b649_unrelaxed_rank_4_model_3.pdb,1.1972574490198171,['P86H']
P00720_1l29_0b649_unrelaxed_rank_5_model_1.pdb,0.7183097955935598,['P86H']
