name,rmsd,mut
P00698_1her_d5821_unrelaxed_rank_1_model_5.pdb,0.2757563296420849,['T40S']
P00698_1her_d5821_unrelaxed_rank_2_model_4.pdb,0.2494120541703323,['T40S']
P00698_1her_d5821_unrelaxed_rank_3_model_3.pdb,0.25759145448776455,['T40S']
P00698_1her_d5821_unrelaxed_rank_4_model_2.pdb,0.2506734366982538,['T40S']
P00698_1her_d5821_unrelaxed_rank_5_model_1.pdb,0.1930430490174932,['T40S']
