name,rmsd,mut
P00698_1heo_7d404_unrelaxed_rank_1_model_5.pdb,0.2578742520721194,['I55V']
P00698_1heo_7d404_unrelaxed_rank_2_model_4.pdb,0.24055390564269818,['I55V']
P00698_1heo_7d404_unrelaxed_rank_3_model_3.pdb,0.23462923779995545,['I55V']
P00698_1heo_7d404_unrelaxed_rank_4_model_2.pdb,0.2628837286306028,['I55V']
P00698_1heo_7d404_unrelaxed_rank_5_model_1.pdb,0.19367038776919887,['I55V']
