name,rmsd,mut
P00720_1l08_msa_128_10734.custom_unrelaxed_rank_1_model_4.pdb,0.5782787225024021,['T157G']
P00720_1l08_msa_128_10734.custom_unrelaxed_rank_2_model_5.pdb,0.5764063471998657,['T157G']
P00720_1l08_msa_128_10734.custom_unrelaxed_rank_3_model_1.pdb,0.6892876509756577,['T157G']
P00720_1l08_msa_128_10734.custom_unrelaxed_rank_4_model_3.pdb,1.074584273233815,['T157G']
P00720_1l08_msa_128_10734.custom_unrelaxed_rank_5_model_2.pdb,0.5619824271691073,['T157G']
