name,rmsd,mut
P00720_1l09_msa_128_3871c.custom_unrelaxed_rank_1_model_5.pdb,0.41462533785331473,['T157H']
P00720_1l09_msa_128_3871c.custom_unrelaxed_rank_2_model_4.pdb,0.41692108215437007,['T157H']
P00720_1l09_msa_128_3871c.custom_unrelaxed_rank_3_model_2.pdb,0.4586159789964016,['T157H']
P00720_1l09_msa_128_3871c.custom_unrelaxed_rank_4_model_1.pdb,0.46601763934917523,['T157H']
P00720_1l09_msa_128_3871c.custom_unrelaxed_rank_5_model_3.pdb,0.9958169134651699,['T157H']
