name,rmsd,mut
P00720_1l99_msa_128_16304.custom_unrelaxed_rank_1_model_5.pdb,0.6547748314949274,['Q105G']
P00720_1l99_msa_128_16304.custom_unrelaxed_rank_2_model_4.pdb,0.5949719197733196,['Q105G']
P00720_1l99_msa_128_16304.custom_unrelaxed_rank_3_model_1.pdb,0.817095189484378,['Q105G']
P00720_1l99_msa_128_16304.custom_unrelaxed_rank_4_model_3.pdb,1.0448044074647271,['Q105G']
P00720_1l99_msa_128_16304.custom_unrelaxed_rank_5_model_2.pdb,0.6617260535325709,['Q105G']
