name,rmsd,mut
P00720_1l22_msa_128_a4332.custom_unrelaxed_rank_1_model_2.pdb,0.42165595955052604,['K124G']
P00720_1l22_msa_128_a4332.custom_unrelaxed_rank_2_model_1.pdb,0.45348847040990653,['K124G']
P00720_1l22_msa_128_a4332.custom_unrelaxed_rank_3_model_5.pdb,0.509242229665859,['K124G']
P00720_1l22_msa_128_a4332.custom_unrelaxed_rank_4_model_4.pdb,0.4549379559113726,['K124G']
P00720_1l22_msa_128_a4332.custom_unrelaxed_rank_5_model_3.pdb,0.9064097170326205,['K124G']
