name,rmsd,mut
P00698_1her_d5821_unrelaxed_rank_1_model_5.pdb,0.11098950063362259,['T40S']
P00698_1her_d5821_unrelaxed_rank_2_model_4.pdb,0.1910843659673589,['T40S']
P00698_1her_d5821_unrelaxed_rank_3_model_3.pdb,0.19029970066076807,['T40S']
P00698_1her_d5821_unrelaxed_rank_4_model_2.pdb,0.23699358674893445,['T40S']
P00698_1her_d5821_unrelaxed_rank_5_model_1.pdb,0.20164644467545312,['T40S']
