name,rmsd,mut
P61626_1gft_b1c92_unrelaxed_rank_1_model_5.pdb,0.166386883034432,['V110Y']
P61626_1gft_b1c92_unrelaxed_rank_2_model_3.pdb,0.16723517576765903,['V110Y']
P61626_1gft_b1c92_unrelaxed_rank_3_model_4.pdb,0.1822703890425893,['V110Y']
P61626_1gft_b1c92_unrelaxed_rank_4_model_2.pdb,0.17505006669362502,['V110Y']
P61626_1gft_b1c92_unrelaxed_rank_5_model_1.pdb,0.15307696944038604,['V110Y']
