name,rmsd,mut
P61626_1gb5_32663_unrelaxed_rank_1_model_5.pdb,0.1647224812106331,['V74G']
P61626_1gb5_32663_unrelaxed_rank_2_model_3.pdb,0.16220583305316386,['V74G']
P61626_1gb5_32663_unrelaxed_rank_3_model_4.pdb,0.17967008757719735,['V74G']
P61626_1gb5_32663_unrelaxed_rank_4_model_2.pdb,0.16673071823127739,['V74G']
P61626_1gb5_32663_unrelaxed_rank_5_model_1.pdb,0.15682879153441875,['V74G']
