name,rmsd,mut
P61626_1gfj_09f32_unrelaxed_rank_1_model_5.pdb,0.17504246977576482,['V74D']
P61626_1gfj_09f32_unrelaxed_rank_2_model_3.pdb,0.1764504968779455,['V74D']
P61626_1gfj_09f32_unrelaxed_rank_3_model_4.pdb,0.1857558807936272,['V74D']
P61626_1gfj_09f32_unrelaxed_rank_4_model_2.pdb,0.18078279725235483,['V74D']
P61626_1gfj_09f32_unrelaxed_rank_5_model_1.pdb,0.16248648385848175,['V74D']
