name,rmsd,mut
P61626_1ouc_33d6f_unrelaxed_rank_1_model_5.pdb,0.1778071859505918,['V110A']
P61626_1ouc_33d6f_unrelaxed_rank_2_model_3.pdb,0.19791444186530285,['V110A']
P61626_1ouc_33d6f_unrelaxed_rank_3_model_4.pdb,0.20453355433267525,['V110A']
P61626_1ouc_33d6f_unrelaxed_rank_4_model_2.pdb,0.203973638098929,['V110A']
P61626_1ouc_33d6f_unrelaxed_rank_5_model_1.pdb,0.18410878324535404,['V110A']
