name,rmsd,mut
P00720_2hec_f8107_unrelaxed_rank_1_model_5.pdb,0.16732479875134465,['I56A']
P00720_2hec_f8107_unrelaxed_rank_2_model_3.pdb,0.16916106287617724,['I56A']
P00720_2hec_f8107_unrelaxed_rank_3_model_4.pdb,0.1852098061024049,['I56A']
P00720_2hec_f8107_unrelaxed_rank_4_model_2.pdb,0.16644696432627742,['I56A']
P00720_2hec_f8107_unrelaxed_rank_5_model_1.pdb,0.15838311803145969,['I56A']
