name,rmsd,mut
P61626_1wqm_98012_unrelaxed_rank_1_model_5.pdb,0.15663907403106955,['Y124F']
P61626_1wqm_98012_unrelaxed_rank_2_model_3.pdb,0.17014821003189243,['Y124F']
P61626_1wqm_98012_unrelaxed_rank_3_model_4.pdb,0.17085797383807033,['Y124F']
P61626_1wqm_98012_unrelaxed_rank_4_model_2.pdb,0.19123485306905377,['Y124F']
P61626_1wqm_98012_unrelaxed_rank_5_model_1.pdb,0.16097958566791212,['Y124F']
