name,rmsd,mut
P61626_1gby_02d41_unrelaxed_rank_1_model_5.pdb,0.16556076584302473,['V110M']
P61626_1gby_02d41_unrelaxed_rank_2_model_3.pdb,0.16641620308539032,['V110M']
P61626_1gby_02d41_unrelaxed_rank_3_model_4.pdb,0.17413488581399508,['V110M']
P61626_1gby_02d41_unrelaxed_rank_4_model_2.pdb,0.16668286631390236,['V110M']
P61626_1gby_02d41_unrelaxed_rank_5_model_1.pdb,0.1558797149011226,['V110M']
