name,rmsd,mut
P61626_1inu_3a3c9_unrelaxed_rank_1_model_5.pdb,0.16140558604746288,['V110R']
P61626_1inu_3a3c9_unrelaxed_rank_2_model_3.pdb,0.16562292359394495,['V110R']
P61626_1inu_3a3c9_unrelaxed_rank_3_model_4.pdb,0.17940930132636623,['V110R']
P61626_1inu_3a3c9_unrelaxed_rank_4_model_2.pdb,0.16760901653704646,['V110R']
P61626_1inu_3a3c9_unrelaxed_rank_5_model_1.pdb,0.1535650989823746,['V110R']
