name,rmsd,mut
P61626_1yaq_d4469_unrelaxed_rank_1_model_5.pdb,0.16399056597337175,['I89V']
P61626_1yaq_d4469_unrelaxed_rank_2_model_3.pdb,0.1747947236770661,['I89V']
P61626_1yaq_d4469_unrelaxed_rank_3_model_4.pdb,0.179428680506696,['I89V']
P61626_1yaq_d4469_unrelaxed_rank_4_model_2.pdb,0.18281205350809615,['I89V']
P61626_1yaq_d4469_unrelaxed_rank_5_model_1.pdb,0.16066654063791666,['I89V']
