name,rmsd,mut
P61626_1lhj_28e9b_unrelaxed_rank_1_model_5.pdb,0.16555964974554227,['P103G']
P61626_1lhj_28e9b_unrelaxed_rank_2_model_3.pdb,0.17030106539217466,['P103G']
P61626_1lhj_28e9b_unrelaxed_rank_3_model_4.pdb,0.18235603458580038,['P103G']
P61626_1lhj_28e9b_unrelaxed_rank_4_model_2.pdb,0.17421986276486645,['P103G']
P61626_1lhj_28e9b_unrelaxed_rank_5_model_1.pdb,0.15606478186600997,['P103G']
