name,rmsd,mut
P61626_1oui_75b31_unrelaxed_rank_1_model_5.pdb,0.17201137579512588,['V93A']
P61626_1oui_75b31_unrelaxed_rank_2_model_3.pdb,0.17213707123067157,['V93A']
P61626_1oui_75b31_unrelaxed_rank_3_model_4.pdb,0.18055880116873732,['V93A']
P61626_1oui_75b31_unrelaxed_rank_4_model_2.pdb,0.1762019103311835,['V93A']
P61626_1oui_75b31_unrelaxed_rank_5_model_1.pdb,0.15668432600229462,['V93A']
