name,rmsd,mut
P61626_1gfu_4730f_unrelaxed_rank_1_model_5.pdb,0.16689166219555002,['V110D']
P61626_1gfu_4730f_unrelaxed_rank_2_model_3.pdb,0.17381273480766118,['V110D']
P61626_1gfu_4730f_unrelaxed_rank_3_model_4.pdb,0.17838889927355508,['V110D']
P61626_1gfu_4730f_unrelaxed_rank_4_model_2.pdb,0.17273233239001726,['V110D']
P61626_1gfu_4730f_unrelaxed_rank_5_model_1.pdb,0.1573034576239022,['V110D']
