name,rmsd,mut
P61626_1wqq_80b67_unrelaxed_rank_1_model_5.pdb,0.165992208764564,['Y54F']
P61626_1wqq_80b67_unrelaxed_rank_2_model_3.pdb,0.16425703657020033,['Y54F']
P61626_1wqq_80b67_unrelaxed_rank_3_model_4.pdb,0.18160118303300263,['Y54F']
P61626_1wqq_80b67_unrelaxed_rank_4_model_2.pdb,0.1844623035828369,['Y54F']
P61626_1wqq_80b67_unrelaxed_rank_5_model_1.pdb,0.1553405618030458,['Y54F']
