name,rmsd,mut
P61626_1lhl_2d062_unrelaxed_rank_1_model_5.pdb,0.17370251062343708,['A47P']
P61626_1lhl_2d062_unrelaxed_rank_2_model_3.pdb,0.16430842721453884,['A47P']
P61626_1lhl_2d062_unrelaxed_rank_3_model_4.pdb,0.17546022776363143,['A47P']
P61626_1lhl_2d062_unrelaxed_rank_4_model_2.pdb,0.18635595873740843,['A47P']
P61626_1lhl_2d062_unrelaxed_rank_5_model_1.pdb,0.17112206111815692,['A47P']
