name,rmsd,mut
P00720_1l08_10734_unrelaxed_rank_1_model_5.pdb,0.09399904801075433,['T157G']
P00720_1l08_10734_unrelaxed_rank_2_model_4.pdb,0.2642729384383727,['T157G']
P00720_1l08_10734_unrelaxed_rank_3_model_2.pdb,0.32071793580144936,['T157G']
P00720_1l08_10734_unrelaxed_rank_4_model_3.pdb,0.9162119389066569,['T157G']
P00720_1l08_10734_unrelaxed_rank_5_model_1.pdb,0.7890025731639155,['T157G']
