name,rmsd,mut
P00720_1l28_86283_unrelaxed_rank_1_model_5.pdb,0.1112050554511562,['P86G']
P00720_1l28_86283_unrelaxed_rank_2_model_4.pdb,0.23697821210612632,['P86G']
P00720_1l28_86283_unrelaxed_rank_3_model_2.pdb,0.3421997286113334,['P86G']
P00720_1l28_86283_unrelaxed_rank_4_model_3.pdb,0.9953886942630924,['P86G']
P00720_1l28_86283_unrelaxed_rank_5_model_1.pdb,0.6810550837163477,['P86G']
