name,rmsd,mut
P00720_1l02_1a6d8_unrelaxed_rank_1_model_5.pdb,0.07008716437445157,['T157A']
P00720_1l02_1a6d8_unrelaxed_rank_2_model_4.pdb,0.23102244534473151,['T157A']
P00720_1l02_1a6d8_unrelaxed_rank_3_model_2.pdb,0.32862905638307355,['T157A']
P00720_1l02_1a6d8_unrelaxed_rank_4_model_3.pdb,1.3305973556594906,['T157A']
P00720_1l02_1a6d8_unrelaxed_rank_5_model_1.pdb,0.5931912050879564,['T157A']
