name,rmsd,mut
P00720_1l25_9d1f8_unrelaxed_rank_1_model_4.pdb,0.27798628981548723,['P86A']
P00720_1l25_9d1f8_unrelaxed_rank_2_model_5.pdb,0.16303980513680064,['P86A']
P00720_1l25_9d1f8_unrelaxed_rank_3_model_2.pdb,0.4250361382254451,['P86A']
P00720_1l25_9d1f8_unrelaxed_rank_4_model_3.pdb,1.006324027012266,['P86A']
P00720_1l25_9d1f8_unrelaxed_rank_5_model_1.pdb,0.6516051414761546,['P86A']
