name,rmsd,mut
P00720_1dye_54fa0_unrelaxed_rank_1_model_5.pdb,0.11771733818865802,['V131S']
P00720_1dye_54fa0_unrelaxed_rank_2_model_4.pdb,0.26167721366738494,['V131S']
P00720_1dye_54fa0_unrelaxed_rank_3_model_2.pdb,0.3820661240046178,['V131S']
P00720_1dye_54fa0_unrelaxed_rank_4_model_3.pdb,1.3936890336385301,['V131S']
P00720_1dye_54fa0_unrelaxed_rank_5_model_1.pdb,0.7967459000635818,['V131S']
