name,rmsd,mut
P00720_1l37_86905_unrelaxed_rank_1_model_4.pdb,0.26841777964862096,['T115E']
P00720_1l37_86905_unrelaxed_rank_2_model_5.pdb,0.09799086943445826,['T115E']
P00720_1l37_86905_unrelaxed_rank_3_model_2.pdb,0.34161450185321685,['T115E']
P00720_1l37_86905_unrelaxed_rank_4_model_3.pdb,1.095149452116813,['T115E']
P00720_1l37_86905_unrelaxed_rank_5_model_1.pdb,0.7174191061582396,['T115E']
