name,rmsd,mut
P00720_1l45_c2b96_unrelaxed_rank_1_model_4.pdb,0.23996817360613437,['K135E']
P00720_1l45_c2b96_unrelaxed_rank_2_model_5.pdb,0.08831841889290036,['K135E']
P00720_1l45_c2b96_unrelaxed_rank_3_model_2.pdb,0.3420817131625684,['K135E']
P00720_1l45_c2b96_unrelaxed_rank_4_model_3.pdb,1.3002326742261197,['K135E']
P00720_1l45_c2b96_unrelaxed_rank_5_model_1.pdb,0.7066251646587777,['K135E']
