name,rmsd,mut
P00720_1l46_8411c_unrelaxed_rank_1_model_5.pdb,0.05122249833606373,['K147E']
P00720_1l46_8411c_unrelaxed_rank_2_model_4.pdb,0.2321966986437156,['K147E']
P00720_1l46_8411c_unrelaxed_rank_3_model_2.pdb,0.31400305690058417,['K147E']
P00720_1l46_8411c_unrelaxed_rank_4_model_3.pdb,0.9319441059411383,['K147E']
P00720_1l46_8411c_unrelaxed_rank_5_model_1.pdb,0.6226716639568333,['K147E']
