name,rmsd,mut
P00720_1l53_02c2a_unrelaxed_rank_1_model_5.pdb,0.08125978117702076,['V149C']
P00720_1l53_02c2a_unrelaxed_rank_2_model_4.pdb,0.2594360069570948,['V149C']
P00720_1l53_02c2a_unrelaxed_rank_3_model_2.pdb,0.4188682272994309,['V149C']
P00720_1l53_02c2a_unrelaxed_rank_4_model_3.pdb,1.3507528049239301,['V149C']
P00720_1l53_02c2a_unrelaxed_rank_5_model_1.pdb,0.6544317912556189,['V149C']
