name,rmsd,mut
P00720_1l26_a30a0_unrelaxed_rank_1_model_4.pdb,0.26206313831302874,['P86C']
P00720_1l26_a30a0_unrelaxed_rank_2_model_5.pdb,0.13481213296307756,['P86C']
P00720_1l26_a30a0_unrelaxed_rank_3_model_2.pdb,0.3341819004759465,['P86C']
P00720_1l26_a30a0_unrelaxed_rank_4_model_3.pdb,1.0516037148290835,['P86C']
P00720_1l26_a30a0_unrelaxed_rank_5_model_1.pdb,0.6480151656586642,['P86C']
