name,rmsd,mut
P00720_1l33_bd093_unrelaxed_rank_1_model_5.pdb,0.08375529315165188,['V131A']
P00720_1l33_bd093_unrelaxed_rank_2_model_4.pdb,0.2723077858855938,['V131A']
P00720_1l33_bd093_unrelaxed_rank_3_model_2.pdb,0.34681824624203056,['V131A']
P00720_1l33_bd093_unrelaxed_rank_4_model_1.pdb,0.7045910413873221,['V131A']
P00720_1l33_bd093_unrelaxed_rank_5_model_3.pdb,1.0097666163730485,['V131A']
