name,rmsd,mut
P00720_1l31_4f90c_unrelaxed_rank_1_model_5.pdb,0.15887942364670843,['P86R']
P00720_1l31_4f90c_unrelaxed_rank_2_model_4.pdb,0.2934629077355199,['P86R']
P00720_1l31_4f90c_unrelaxed_rank_3_model_2.pdb,0.38084794677575456,['P86R']
P00720_1l31_4f90c_unrelaxed_rank_4_model_3.pdb,1.0615894732848743,['P86R']
P00720_1l31_4f90c_unrelaxed_rank_5_model_1.pdb,0.6128731485455309,['P86R']
