name,rmsd,mut
P00720_1l05_30f86_unrelaxed_rank_1_model_5.pdb,0.08544500247730485,['T157D']
P00720_1l05_30f86_unrelaxed_rank_2_model_4.pdb,0.33844579020007726,['T157D']
P00720_1l05_30f86_unrelaxed_rank_3_model_2.pdb,0.33786484724219457,['T157D']
P00720_1l05_30f86_unrelaxed_rank_4_model_3.pdb,1.3551256487387016,['T157D']
P00720_1l05_30f86_unrelaxed_rank_5_model_1.pdb,0.7840484504830689,['T157D']
