name,rmsd,mut
P00720_1l34_7bb7f_unrelaxed_rank_1_model_4.pdb,0.2473439610767622,['R96H']
P00720_1l34_7bb7f_unrelaxed_rank_2_model_5.pdb,0.10603581271636084,['R96H']
P00720_1l34_7bb7f_unrelaxed_rank_3_model_2.pdb,0.37548199302555846,['R96H']
P00720_1l34_7bb7f_unrelaxed_rank_4_model_3.pdb,1.0225688326297804,['R96H']
P00720_1l34_7bb7f_unrelaxed_rank_5_model_1.pdb,0.6840932723590794,['R96H']
