name,rmsd,mut
P00720_1l60_c7f5b_unrelaxed_rank_1_model_4.pdb,0.25981213051181146,['G113A']
P00720_1l60_c7f5b_unrelaxed_rank_2_model_5.pdb,0.12553059182518228,['G113A']
P00720_1l60_c7f5b_unrelaxed_rank_3_model_2.pdb,0.4928399402484496,['G113A']
P00720_1l60_c7f5b_unrelaxed_rank_4_model_3.pdb,0.9962995779052253,['G113A']
P00720_1l60_c7f5b_unrelaxed_rank_5_model_1.pdb,0.846139705886323,['G113A']
