name,rmsd,mut
P00720_1l47_2ece2_unrelaxed_rank_1_model_5.pdb,0.07637090639232116,['R154E']
P00720_1l47_2ece2_unrelaxed_rank_2_model_4.pdb,0.24639513529493887,['R154E']
P00720_1l47_2ece2_unrelaxed_rank_3_model_2.pdb,0.47023221549265914,['R154E']
P00720_1l47_2ece2_unrelaxed_rank_4_model_3.pdb,0.9466755182454535,['R154E']
P00720_1l47_2ece2_unrelaxed_rank_5_model_1.pdb,0.6425703157217072,['R154E']
