name,rmsd,mut
P00720_1l98_79afb_unrelaxed_rank_1_model_5.pdb,0.05483901985936342,['Q105E']
P00720_1l98_79afb_unrelaxed_rank_2_model_4.pdb,0.2581388908318317,['Q105E']
P00720_1l98_79afb_unrelaxed_rank_3_model_2.pdb,0.3100486165913383,['Q105E']
P00720_1l98_79afb_unrelaxed_rank_4_model_3.pdb,0.880145187641034,['Q105E']
P00720_1l98_79afb_unrelaxed_rank_5_model_1.pdb,0.6545890027517777,['Q105E']
