name,rmsd,mut
P00720_1l38_a471e_unrelaxed_rank_1_model_4.pdb,0.26274017740996375,['Q123E']
P00720_1l38_a471e_unrelaxed_rank_2_model_5.pdb,0.10214317483101516,['Q123E']
P00720_1l38_a471e_unrelaxed_rank_3_model_2.pdb,0.35042575305365914,['Q123E']
P00720_1l38_a471e_unrelaxed_rank_4_model_3.pdb,0.9329734482106505,['Q123E']
P00720_1l38_a471e_unrelaxed_rank_5_model_1.pdb,0.7407191190706113,['Q123E']
