name,rmsd,mut
P00720_1l03_msa_64_82680.custom_unrelaxed_rank_1_model_4.pdb,0.7619631131464829,['T157C']
P00720_1l03_msa_64_82680.custom_unrelaxed_rank_2_model_3.pdb,0.8885588508951521,['T157C']
P00720_1l03_msa_64_82680.custom_unrelaxed_rank_3_model_5.pdb,0.6480616889679045,['T157C']
P00720_1l03_msa_64_82680.custom_unrelaxed_rank_4_model_2.pdb,0.7640259693616118,['T157C']
P00720_1l03_msa_64_82680.custom_unrelaxed_rank_5_model_1.pdb,0.7259297771405299,['T157C']
