name,rmsd,mut
P00720_2hec_f8107_unrelaxed_rank_1_model_5.pdb,0.45836727479500655,['I56A']
P00720_2hec_f8107_unrelaxed_rank_2_model_3.pdb,0.42893515899891904,['I56A']
P00720_2hec_f8107_unrelaxed_rank_3_model_4.pdb,0.4332806989315397,['I56A']
P00720_2hec_f8107_unrelaxed_rank_4_model_2.pdb,0.45304328468538885,['I56A']
P00720_2hec_f8107_unrelaxed_rank_5_model_1.pdb,0.4514765768624482,['I56A']
