name,rmsd,mut
P61626_1yan_2f240_unrelaxed_rank_1_model_5.pdb,0.438907957872941,['I23V']
P61626_1yan_2f240_unrelaxed_rank_2_model_3.pdb,0.4145724330533416,['I23V']
P61626_1yan_2f240_unrelaxed_rank_3_model_4.pdb,0.4090108720819431,['I23V']
P61626_1yan_2f240_unrelaxed_rank_4_model_2.pdb,0.4384123577781933,['I23V']
P61626_1yan_2f240_unrelaxed_rank_5_model_1.pdb,0.44474537248157114,['I23V']
