name,rmsd,mut
P61626_1lhl_2d062_unrelaxed_rank_1_model_5.pdb,0.4494662076079158,['A47P']
P61626_1lhl_2d062_unrelaxed_rank_2_model_3.pdb,0.4203181961687686,['A47P']
P61626_1lhl_2d062_unrelaxed_rank_3_model_4.pdb,0.42149264896260596,['A47P']
P61626_1lhl_2d062_unrelaxed_rank_4_model_2.pdb,0.43827205109549405,['A47P']
P61626_1lhl_2d062_unrelaxed_rank_5_model_1.pdb,0.4525532431302886,['A47P']
