name,rmsd,mut
P61626_1gfv_135dd_unrelaxed_rank_1_model_5.pdb,0.4374648046670588,['V110N']
P61626_1gfv_135dd_unrelaxed_rank_2_model_3.pdb,0.42951427366639344,['V110N']
P61626_1gfv_135dd_unrelaxed_rank_3_model_4.pdb,0.4019612353958908,['V110N']
P61626_1gfv_135dd_unrelaxed_rank_4_model_2.pdb,0.42073395851674533,['V110N']
P61626_1gfv_135dd_unrelaxed_rank_5_model_1.pdb,0.43490056700351926,['V110N']
