name,rmsd,mut
P61626_1gfj_09f32_unrelaxed_rank_1_model_5.pdb,0.4263306066742732,['V74D']
P61626_1gfj_09f32_unrelaxed_rank_2_model_3.pdb,0.40288657463783467,['V74D']
P61626_1gfj_09f32_unrelaxed_rank_3_model_4.pdb,0.39739779269916675,['V74D']
P61626_1gfj_09f32_unrelaxed_rank_4_model_2.pdb,0.41495586716364186,['V74D']
P61626_1gfj_09f32_unrelaxed_rank_5_model_1.pdb,0.4141441200771467,['V74D']
