name,rmsd,mut
P61626_1gbw_c9d43_unrelaxed_rank_1_model_5.pdb,0.43943016393910234,['V110I']
P61626_1gbw_c9d43_unrelaxed_rank_2_model_3.pdb,0.42244902519994676,['V110I']
P61626_1gbw_c9d43_unrelaxed_rank_3_model_4.pdb,0.4113285768471245,['V110I']
P61626_1gbw_c9d43_unrelaxed_rank_4_model_2.pdb,0.432866643909691,['V110I']
P61626_1gbw_c9d43_unrelaxed_rank_5_model_1.pdb,0.44194484431927833,['V110I']
