name,rmsd,mut
P61626_1wqo_80e15_unrelaxed_rank_1_model_5.pdb,0.4556131669351051,['Y38F']
P61626_1wqo_80e15_unrelaxed_rank_2_model_3.pdb,0.425777635934618,['Y38F']
P61626_1wqo_80e15_unrelaxed_rank_3_model_4.pdb,0.430384251761066,['Y38F']
P61626_1wqo_80e15_unrelaxed_rank_4_model_2.pdb,0.45348147853494014,['Y38F']
P61626_1wqo_80e15_unrelaxed_rank_5_model_1.pdb,0.46480090109909356,['Y38F']
