name,rmsd,mut
P61626_1ouc_33d6f_unrelaxed_rank_1_model_5.pdb,0.44505937504981313,['V110A']
P61626_1ouc_33d6f_unrelaxed_rank_2_model_3.pdb,0.42572445482985494,['V110A']
P61626_1ouc_33d6f_unrelaxed_rank_3_model_4.pdb,0.42796990940099466,['V110A']
P61626_1ouc_33d6f_unrelaxed_rank_4_model_2.pdb,0.44446857611306617,['V110A']
P61626_1ouc_33d6f_unrelaxed_rank_5_model_1.pdb,0.4420041628246052,['V110A']
