name,rmsd,mut
P61626_1gb5_32663_unrelaxed_rank_1_model_5.pdb,0.4430199136022927,['V74G']
P61626_1gb5_32663_unrelaxed_rank_2_model_3.pdb,0.44072132142587145,['V74G']
P61626_1gb5_32663_unrelaxed_rank_3_model_4.pdb,0.42187410041568046,['V74G']
P61626_1gb5_32663_unrelaxed_rank_4_model_2.pdb,0.42434793780498725,['V74G']
P61626_1gb5_32663_unrelaxed_rank_5_model_1.pdb,0.4388840105193741,['V74G']
