name,rmsd,mut
P61626_1oui_75b31_unrelaxed_rank_1_model_5.pdb,0.46385138209642124,['V93A']
P61626_1oui_75b31_unrelaxed_rank_2_model_3.pdb,0.4185089476068624,['V93A']
P61626_1oui_75b31_unrelaxed_rank_3_model_4.pdb,0.4297731948045691,['V93A']
P61626_1oui_75b31_unrelaxed_rank_4_model_2.pdb,0.4498164228371,['V93A']
P61626_1oui_75b31_unrelaxed_rank_5_model_1.pdb,0.45074657925932893,['V93A']
