name,rmsd,mut
P61626_1gb7_34253_unrelaxed_rank_1_model_5.pdb,0.4537574061033685,['V74L']
P61626_1gb7_34253_unrelaxed_rank_2_model_3.pdb,0.4151277917547018,['V74L']
P61626_1gb7_34253_unrelaxed_rank_3_model_4.pdb,0.40813574224925325,['V74L']
P61626_1gb7_34253_unrelaxed_rank_4_model_2.pdb,0.4311291381864907,['V74L']
P61626_1gb7_34253_unrelaxed_rank_5_model_1.pdb,0.4375850657996529,['V74L']
