name,rmsd,mut
P61626_1oud_5e5e7_unrelaxed_rank_1_model_5.pdb,0.47204655319506944,['V121A']
P61626_1oud_5e5e7_unrelaxed_rank_2_model_3.pdb,0.44482118569392803,['V121A']
P61626_1oud_5e5e7_unrelaxed_rank_3_model_4.pdb,0.45266209678690633,['V121A']
P61626_1oud_5e5e7_unrelaxed_rank_4_model_2.pdb,0.4802402292828342,['V121A']
P61626_1oud_5e5e7_unrelaxed_rank_5_model_1.pdb,0.47424881974759225,['V121A']
