name,rmsd,mut
P61626_1yam_5865b_unrelaxed_rank_1_model_5.pdb,0.4670271368665226,['I106V']
P61626_1yam_5865b_unrelaxed_rank_2_model_3.pdb,0.4232385879224225,['I106V']
P61626_1yam_5865b_unrelaxed_rank_3_model_4.pdb,0.4358682261007903,['I106V']
P61626_1yam_5865b_unrelaxed_rank_4_model_2.pdb,0.47660377322539843,['I106V']
P61626_1yam_5865b_unrelaxed_rank_5_model_1.pdb,0.4690456895377288,['I106V']
