name,rmsd,mut
P61626_1gbz_8966e_unrelaxed_rank_1_model_5.pdb,0.4776453856710239,['V110F']
P61626_1gbz_8966e_unrelaxed_rank_2_model_3.pdb,0.5066712329352739,['V110F']
P61626_1gbz_8966e_unrelaxed_rank_3_model_4.pdb,0.45374753791370626,['V110F']
P61626_1gbz_8966e_unrelaxed_rank_4_model_2.pdb,0.4593402516090068,['V110F']
P61626_1gbz_8966e_unrelaxed_rank_5_model_1.pdb,0.4851369051907378,['V110F']
