name,rmsd,mut
P61626_2hea_07ef1_unrelaxed_rank_1_model_5.pdb,0.4423362436936335,['I106A']
P61626_2hea_07ef1_unrelaxed_rank_2_model_4.pdb,0.4145381663251522,['I106A']
P61626_2hea_07ef1_unrelaxed_rank_3_model_3.pdb,0.4126414627253362,['I106A']
P61626_2hea_07ef1_unrelaxed_rank_4_model_2.pdb,0.47110654294034493,['I106A']
P61626_2hea_07ef1_unrelaxed_rank_5_model_1.pdb,0.44420379996427783,['I106A']
