name,rmsd,mut
P61626_1gfu_4730f_unrelaxed_rank_1_model_5.pdb,0.46307616921000044,['V110D']
P61626_1gfu_4730f_unrelaxed_rank_2_model_3.pdb,0.45998880083943855,['V110D']
P61626_1gfu_4730f_unrelaxed_rank_3_model_4.pdb,0.4378173348064395,['V110D']
P61626_1gfu_4730f_unrelaxed_rank_4_model_2.pdb,0.4416486710509153,['V110D']
P61626_1gfu_4730f_unrelaxed_rank_5_model_1.pdb,0.46504257503519825,['V110D']
