name,rmsd,mut
P61626_1gb8_29aa4_unrelaxed_rank_1_model_5.pdb,0.4321740050382911,['V74M']
P61626_1gb8_29aa4_unrelaxed_rank_2_model_3.pdb,0.4045697500691657,['V74M']
P61626_1gb8_29aa4_unrelaxed_rank_3_model_4.pdb,0.3962525668165625,['V74M']
P61626_1gb8_29aa4_unrelaxed_rank_4_model_2.pdb,0.42084332467072527,['V74M']
P61626_1gb8_29aa4_unrelaxed_rank_5_model_1.pdb,0.4272827623262016,['V74M']
