name,rmsd,mut
P00720_2hee_65a71_unrelaxed_rank_1_model_5.pdb,0.43165370681416737,['I59G']
P00720_2hee_65a71_unrelaxed_rank_2_model_3.pdb,0.4073977527312463,['I59G']
P00720_2hee_65a71_unrelaxed_rank_3_model_4.pdb,0.40491959971719343,['I59G']
P00720_2hee_65a71_unrelaxed_rank_4_model_2.pdb,0.42904065596104524,['I59G']
P00720_2hee_65a71_unrelaxed_rank_5_model_1.pdb,0.43129159538150014,['I59G']
