name,rmsd,mut
P61626_1inu_3a3c9_unrelaxed_rank_1_model_5.pdb,0.4639471120485298,['V110R']
P61626_1inu_3a3c9_unrelaxed_rank_2_model_3.pdb,0.4441078855139515,['V110R']
P61626_1inu_3a3c9_unrelaxed_rank_3_model_4.pdb,0.42723953143315635,['V110R']
P61626_1inu_3a3c9_unrelaxed_rank_4_model_2.pdb,0.43981212539809006,['V110R']
P61626_1inu_3a3c9_unrelaxed_rank_5_model_1.pdb,0.4608739867349587,['V110R']
