name,rmsd,mut
P61626_1gby_02d41_unrelaxed_rank_1_model_5.pdb,0.4646211215081517,['V110M']
P61626_1gby_02d41_unrelaxed_rank_2_model_3.pdb,0.4332242548852182,['V110M']
P61626_1gby_02d41_unrelaxed_rank_3_model_4.pdb,0.4196424767354199,['V110M']
P61626_1gby_02d41_unrelaxed_rank_4_model_2.pdb,0.44727952141118005,['V110M']
P61626_1gby_02d41_unrelaxed_rank_5_model_1.pdb,0.4627278930405482,['V110M']
