name,rmsd,mut
P61626_1lhj_28e9b_unrelaxed_rank_1_model_5.pdb,0.6391737796859156,['P103G']
P61626_1lhj_28e9b_unrelaxed_rank_2_model_3.pdb,0.6471432697276208,['P103G']
P61626_1lhj_28e9b_unrelaxed_rank_3_model_4.pdb,0.6189579423912245,['P103G']
P61626_1lhj_28e9b_unrelaxed_rank_4_model_2.pdb,0.6423369529358822,['P103G']
P61626_1lhj_28e9b_unrelaxed_rank_5_model_1.pdb,0.44336175829909497,['P103G']
