name,rmsd,mut
P61626_1wqq_80b67_unrelaxed_rank_1_model_5.pdb,0.42191814796528937,['Y54F']
P61626_1wqq_80b67_unrelaxed_rank_2_model_3.pdb,0.40343189072016494,['Y54F']
P61626_1wqq_80b67_unrelaxed_rank_3_model_4.pdb,0.40803770736118444,['Y54F']
P61626_1wqq_80b67_unrelaxed_rank_4_model_2.pdb,0.43484330398370447,['Y54F']
P61626_1wqq_80b67_unrelaxed_rank_5_model_1.pdb,0.44078228776552825,['Y54F']
