name,rmsd,mut
P61626_1gbo_8a7a6_unrelaxed_rank_1_model_5.pdb,0.4069885019490557,['V110G']
P61626_1gbo_8a7a6_unrelaxed_rank_2_model_3.pdb,0.39599149621620394,['V110G']
P61626_1gbo_8a7a6_unrelaxed_rank_3_model_4.pdb,0.3846776070570583,['V110G']
P61626_1gbo_8a7a6_unrelaxed_rank_4_model_2.pdb,0.39720656679890576,['V110G']
P61626_1gbo_8a7a6_unrelaxed_rank_5_model_1.pdb,0.38932919668826577,['V110G']
