name,rmsd,mut
P61626_1oue_67f0f_unrelaxed_rank_1_model_5.pdb,0.45378717897684084,['V125A']
P61626_1oue_67f0f_unrelaxed_rank_2_model_3.pdb,0.4189899325175104,['V125A']
P61626_1oue_67f0f_unrelaxed_rank_3_model_4.pdb,0.4262789097972981,['V125A']
P61626_1oue_67f0f_unrelaxed_rank_4_model_2.pdb,0.4607451487104839,['V125A']
P61626_1oue_67f0f_unrelaxed_rank_5_model_1.pdb,0.44666620563498777,['V125A']
