name,rmsd,mut
P61626_1gb9_b5251_unrelaxed_rank_1_model_5.pdb,0.4461587853501292,['V74F']
P61626_1gb9_b5251_unrelaxed_rank_2_model_3.pdb,0.429142257516472,['V74F']
P61626_1gb9_b5251_unrelaxed_rank_3_model_4.pdb,0.41865665386533873,['V74F']
P61626_1gb9_b5251_unrelaxed_rank_4_model_2.pdb,0.44029240314885676,['V74F']
P61626_1gb9_b5251_unrelaxed_rank_5_model_1.pdb,0.444247189261539,['V74F']
