name,rmsd,mut
P61626_1yaq_d4469_unrelaxed_rank_1_model_5.pdb,0.44427316090666874,['I89V']
P61626_1yaq_d4469_unrelaxed_rank_2_model_3.pdb,0.4097255474658384,['I89V']
P61626_1yaq_d4469_unrelaxed_rank_3_model_4.pdb,0.41649944614782314,['I89V']
P61626_1yaq_d4469_unrelaxed_rank_4_model_2.pdb,0.44272500770257817,['I89V']
P61626_1yaq_d4469_unrelaxed_rank_5_model_1.pdb,0.4420776300432616,['I89V']
