name,rmsd,mut
P61626_1wqm_98012_unrelaxed_rank_1_model_5.pdb,0.45045918469569873,['Y124F']
P61626_1wqm_98012_unrelaxed_rank_2_model_3.pdb,0.42540914763432414,['Y124F']
P61626_1wqm_98012_unrelaxed_rank_3_model_4.pdb,0.4265502713412609,['Y124F']
P61626_1wqm_98012_unrelaxed_rank_4_model_2.pdb,0.4450054125497755,['Y124F']
P61626_1wqm_98012_unrelaxed_rank_5_model_1.pdb,0.452446094836998,['Y124F']
