name,rmsd,mut
P61626_1gb6_3db01_unrelaxed_rank_1_model_5.pdb,0.4209225490717323,['V74I']
P61626_1gb6_3db01_unrelaxed_rank_2_model_3.pdb,0.4102659872840171,['V74I']
P61626_1gb6_3db01_unrelaxed_rank_3_model_4.pdb,0.3977765277555464,['V74I']
P61626_1gb6_3db01_unrelaxed_rank_4_model_2.pdb,0.4140989327244741,['V74I']
P61626_1gb6_3db01_unrelaxed_rank_5_model_1.pdb,0.41564188517610146,['V74I']
