name,rmsd,mut
P61626_1lhh_3a3d2_unrelaxed_rank_1_model_5.pdb,0.46530297922231034,['V110P']
P61626_1lhh_3a3d2_unrelaxed_rank_2_model_3.pdb,0.449805386754913,['V110P']
P61626_1lhh_3a3d2_unrelaxed_rank_3_model_4.pdb,0.43827563290845173,['V110P']
P61626_1lhh_3a3d2_unrelaxed_rank_4_model_2.pdb,0.4578282374808309,['V110P']
P61626_1lhh_3a3d2_unrelaxed_rank_5_model_1.pdb,0.45565932882442556,['V110P']
