name,rmsd,mut
P00720_1l99_msa_128_16304.custom_unrelaxed_rank_1_model_5.pdb,0.6942225070510828,['Q105G']
P00720_1l99_msa_128_16304.custom_unrelaxed_rank_2_model_4.pdb,0.6223674677910032,['Q105G']
P00720_1l99_msa_128_16304.custom_unrelaxed_rank_3_model_1.pdb,0.8865383610562634,['Q105G']
P00720_1l99_msa_128_16304.custom_unrelaxed_rank_4_model_3.pdb,1.146840572965674,['Q105G']
P00720_1l99_msa_128_16304.custom_unrelaxed_rank_5_model_2.pdb,0.7065786193896167,['Q105G']
