name,rmsd,mut
P00720_2hec_f8107_unrelaxed_rank_1_model_5.pdb,0.42352243703270187,['I56A']
P00720_2hec_f8107_unrelaxed_rank_2_model_3.pdb,0.3873552841881558,['I56A']
P00720_2hec_f8107_unrelaxed_rank_3_model_4.pdb,0.38880545490369073,['I56A']
P00720_2hec_f8107_unrelaxed_rank_4_model_2.pdb,0.40995207122235394,['I56A']
P00720_2hec_f8107_unrelaxed_rank_5_model_1.pdb,0.4078370918927525,['I56A']
