name,rmsd,mut
P61626_1lhl_2d062_unrelaxed_rank_1_model_5.pdb,0.41960413350247455,['A47P']
P61626_1lhl_2d062_unrelaxed_rank_2_model_3.pdb,0.3877070084244817,['A47P']
P61626_1lhl_2d062_unrelaxed_rank_3_model_4.pdb,0.37519307807644126,['A47P']
P61626_1lhl_2d062_unrelaxed_rank_4_model_2.pdb,0.3972942765335163,['A47P']
P61626_1lhl_2d062_unrelaxed_rank_5_model_1.pdb,0.4126327761388669,['A47P']
