name,rmsd,mut
P61626_1gbw_c9d43_unrelaxed_rank_1_model_5.pdb,0.40261166152054034,['V110I']
P61626_1gbw_c9d43_unrelaxed_rank_2_model_3.pdb,0.37693393345193643,['V110I']
P61626_1gbw_c9d43_unrelaxed_rank_3_model_4.pdb,0.37901325196462127,['V110I']
P61626_1gbw_c9d43_unrelaxed_rank_4_model_2.pdb,0.4007336078394563,['V110I']
P61626_1gbw_c9d43_unrelaxed_rank_5_model_1.pdb,0.4027111867374093,['V110I']
