name,rmsd,mut
P61626_1gb5_32663_unrelaxed_rank_1_model_5.pdb,0.41016419049081887,['V74G']
P61626_1gb5_32663_unrelaxed_rank_2_model_3.pdb,0.38533021719395955,['V74G']
P61626_1gb5_32663_unrelaxed_rank_3_model_4.pdb,0.3950103730468074,['V74G']
P61626_1gb5_32663_unrelaxed_rank_4_model_2.pdb,0.3899509528197279,['V74G']
P61626_1gb5_32663_unrelaxed_rank_5_model_1.pdb,0.39604623080825296,['V74G']
