name,rmsd,mut
P61626_1ouc_33d6f_unrelaxed_rank_1_model_5.pdb,0.39732370208143375,['V110A']
P61626_1ouc_33d6f_unrelaxed_rank_2_model_3.pdb,0.38369799592088855,['V110A']
P61626_1ouc_33d6f_unrelaxed_rank_3_model_4.pdb,0.37521939048053965,['V110A']
P61626_1ouc_33d6f_unrelaxed_rank_4_model_2.pdb,0.3983950772742559,['V110A']
P61626_1ouc_33d6f_unrelaxed_rank_5_model_1.pdb,0.3865295519949402,['V110A']
