name,rmsd,mut
P61626_1yan_2f240_unrelaxed_rank_1_model_5.pdb,0.4019123502900612,['I23V']
P61626_1yan_2f240_unrelaxed_rank_2_model_3.pdb,0.37349540247012897,['I23V']
P61626_1yan_2f240_unrelaxed_rank_3_model_4.pdb,0.372056557046297,['I23V']
P61626_1yan_2f240_unrelaxed_rank_4_model_2.pdb,0.39036145522202526,['I23V']
P61626_1yan_2f240_unrelaxed_rank_5_model_1.pdb,0.3913136075540974,['I23V']
