name,rmsd,mut
P61626_1gbo_8a7a6_unrelaxed_rank_1_model_5.pdb,0.40070188637604026,['V110G']
P61626_1gbo_8a7a6_unrelaxed_rank_2_model_3.pdb,0.38434487523729854,['V110G']
P61626_1gbo_8a7a6_unrelaxed_rank_3_model_4.pdb,0.3794754734554297,['V110G']
P61626_1gbo_8a7a6_unrelaxed_rank_4_model_2.pdb,0.38882040228242265,['V110G']
P61626_1gbo_8a7a6_unrelaxed_rank_5_model_1.pdb,0.38248935728026917,['V110G']
