name,rmsd,mut
P61626_1gb9_b5251_unrelaxed_rank_1_model_5.pdb,0.4153132149210456,['V74F']
P61626_1gb9_b5251_unrelaxed_rank_2_model_3.pdb,0.3892702290055248,['V74F']
P61626_1gb9_b5251_unrelaxed_rank_3_model_4.pdb,0.38958460807954026,['V74F']
P61626_1gb9_b5251_unrelaxed_rank_4_model_2.pdb,0.40837990404051583,['V74F']
P61626_1gb9_b5251_unrelaxed_rank_5_model_1.pdb,0.4082468733719683,['V74F']
