name,rmsd,mut
P61626_1gfj_09f32_unrelaxed_rank_1_model_5.pdb,0.4097544417496975,['V74D']
P61626_1gfj_09f32_unrelaxed_rank_2_model_3.pdb,0.37428234532728033,['V74D']
P61626_1gfj_09f32_unrelaxed_rank_3_model_4.pdb,0.3861646503039104,['V74D']
P61626_1gfj_09f32_unrelaxed_rank_4_model_2.pdb,0.4029954182218306,['V74D']
P61626_1gfj_09f32_unrelaxed_rank_5_model_1.pdb,0.39394997739564047,['V74D']
