name,rmsd,mut
P61626_1gb8_29aa4_unrelaxed_rank_1_model_5.pdb,0.40914679869372567,['V74M']
P61626_1gb8_29aa4_unrelaxed_rank_2_model_3.pdb,0.37056917189800526,['V74M']
P61626_1gb8_29aa4_unrelaxed_rank_3_model_4.pdb,0.3785945857016014,['V74M']
P61626_1gb8_29aa4_unrelaxed_rank_4_model_2.pdb,0.40156921331309925,['V74M']
P61626_1gb8_29aa4_unrelaxed_rank_5_model_1.pdb,0.3983582607350176,['V74M']
