name,rmsd,mut
P00720_2hee_65a71_unrelaxed_rank_1_model_5.pdb,0.39505173722992576,['I59G']
P00720_2hee_65a71_unrelaxed_rank_2_model_3.pdb,0.3706290283519891,['I59G']
P00720_2hee_65a71_unrelaxed_rank_3_model_4.pdb,0.37470429210891065,['I59G']
P00720_2hee_65a71_unrelaxed_rank_4_model_2.pdb,0.40465382791544874,['I59G']
P00720_2hee_65a71_unrelaxed_rank_5_model_1.pdb,0.40164958709108234,['I59G']
