name,rmsd,mut
P00720_1l08_msa_128_10734.custom_unrelaxed_rank_1_model_4.pdb,0.5750354115956199,['T157G']
P00720_1l08_msa_128_10734.custom_unrelaxed_rank_2_model_5.pdb,0.5744618751620418,['T157G']
P00720_1l08_msa_128_10734.custom_unrelaxed_rank_3_model_1.pdb,0.6823056560397333,['T157G']
P00720_1l08_msa_128_10734.custom_unrelaxed_rank_4_model_3.pdb,1.064798573395872,['T157G']
P00720_1l08_msa_128_10734.custom_unrelaxed_rank_5_model_2.pdb,0.5592778012008057,['T157G']
