name,rmsd,mut
P00720_1l09_msa_128_3871c.custom_unrelaxed_rank_1_model_5.pdb,0.4079917623338171,['T157H']
P00720_1l09_msa_128_3871c.custom_unrelaxed_rank_2_model_4.pdb,0.40926173528662924,['T157H']
P00720_1l09_msa_128_3871c.custom_unrelaxed_rank_3_model_2.pdb,0.4525181162931637,['T157H']
P00720_1l09_msa_128_3871c.custom_unrelaxed_rank_4_model_1.pdb,0.4568878496373735,['T157H']
P00720_1l09_msa_128_3871c.custom_unrelaxed_rank_5_model_3.pdb,0.9863075628114284,['T157H']
