name,rmsd
P61626_1iwt_ca876_unrelaxed_rank_1_model_5.pdb,0.00012199420398710992
P61626_1iwt_ca876_unrelaxed_rank_2_model_3.pdb,0.12296761986123009
P61626_1iwt_ca876_unrelaxed_rank_3_model_4.pdb,0.1302494367754915
P61626_1iwt_ca876_unrelaxed_rank_4_model_2.pdb,0.14020495524605622
P61626_1iwt_ca876_unrelaxed_rank_5_model_1.pdb,0.11008396283121287
