name,rmsd
P61626_2zil_ca876_unrelaxed_rank_1_model_5.pdb,0.00012242360929594896
P61626_2zil_ca876_unrelaxed_rank_2_model_3.pdb,0.12297037471291225
P61626_2zil_ca876_unrelaxed_rank_3_model_4.pdb,0.1302494367754942
P61626_2zil_ca876_unrelaxed_rank_4_model_2.pdb,0.14020495524605872
P61626_2zil_ca876_unrelaxed_rank_5_model_1.pdb,0.11007949314216635
