name,rmsd
P61626_1lz1_ca876_unrelaxed_rank_1_model_5.pdb,5.443316218272766e-18
P61626_1lz1_ca876_unrelaxed_rank_2_model_3.pdb,0.12297037471291222
P61626_1lz1_ca876_unrelaxed_rank_3_model_4.pdb,0.13023817865920037
P61626_1lz1_ca876_unrelaxed_rank_4_model_2.pdb,0.14019860701739165
P61626_1lz1_ca876_unrelaxed_rank_5_model_1.pdb,0.11008396283121365
