name,rmsd
P61626_1iwy_ca876_unrelaxed_rank_1_model_5.pdb,0.00014885426957210067
P61626_1iwy_ca876_unrelaxed_rank_2_model_3.pdb,0.1229730963697395
P61626_1iwy_ca876_unrelaxed_rank_3_model_4.pdb,0.13023899981819495
P61626_1iwy_ca876_unrelaxed_rank_4_model_2.pdb,0.1402049552460573
P61626_1iwy_ca876_unrelaxed_rank_5_model_1.pdb,0.11007684270712119
