name,rmsd,mut
P00720_1l03_msa_64_82680.custom_unrelaxed_rank_1_model_4.pdb,0.7478467362065622,['T157C']
P00720_1l03_msa_64_82680.custom_unrelaxed_rank_2_model_3.pdb,0.8737606479108796,['T157C']
P00720_1l03_msa_64_82680.custom_unrelaxed_rank_3_model_5.pdb,0.6365728315272945,['T157C']
P00720_1l03_msa_64_82680.custom_unrelaxed_rank_4_model_2.pdb,0.7507224082243624,['T157C']
P00720_1l03_msa_64_82680.custom_unrelaxed_rank_5_model_1.pdb,0.711696240153252,['T157C']
