name,rmsd,mut
P00698_1heo_7d404_unrelaxed_rank_1_model_5.pdb,0.07720288391841933,['I55V']
P00698_1heo_7d404_unrelaxed_rank_2_model_4.pdb,0.14855124224986904,['I55V']
P00698_1heo_7d404_unrelaxed_rank_3_model_3.pdb,0.16293582225952463,['I55V']
P00698_1heo_7d404_unrelaxed_rank_4_model_2.pdb,0.1876901970250427,['I55V']
P00698_1heo_7d404_unrelaxed_rank_5_model_1.pdb,0.1766176099231597,['I55V']
