name,rmsd,mut
P00720_1l37_msa_128_86905.custom_unrelaxed_rank_1_model_2.pdb,0.413372038302809,['T115E']
P00720_1l37_msa_128_86905.custom_unrelaxed_rank_2_model_5.pdb,0.5096115083650936,['T115E']
P00720_1l37_msa_128_86905.custom_unrelaxed_rank_3_model_1.pdb,0.43380269860309506,['T115E']
P00720_1l37_msa_128_86905.custom_unrelaxed_rank_4_model_4.pdb,0.4724499113849198,['T115E']
P00720_1l37_msa_128_86905.custom_unrelaxed_rank_5_model_3.pdb,0.8957926536025308,['T115E']
