name,rmsd,mut
P00720_1l07_msa_128_87220.custom_unrelaxed_rank_1_model_5.pdb,0.6046957599492577,['T157F']
P00720_1l07_msa_128_87220.custom_unrelaxed_rank_2_model_4.pdb,0.5375004292893064,['T157F']
P00720_1l07_msa_128_87220.custom_unrelaxed_rank_3_model_1.pdb,0.826847185410048,['T157F']
P00720_1l07_msa_128_87220.custom_unrelaxed_rank_4_model_2.pdb,0.5836266360744589,['T157F']
P00720_1l07_msa_128_87220.custom_unrelaxed_rank_5_model_3.pdb,1.1188257540295832,['T157F']
