name,rmsd,mut
P61626_2hea_07ef1_unrelaxed_rank_1_model_5.pdb,0.4278064541650351,['I106A']
P61626_2hea_07ef1_unrelaxed_rank_2_model_4.pdb,0.37722505125446953,['I106A']
P61626_2hea_07ef1_unrelaxed_rank_3_model_3.pdb,0.38688854134332495,['I106A']
P61626_2hea_07ef1_unrelaxed_rank_4_model_2.pdb,0.46748181143874756,['I106A']
P61626_2hea_07ef1_unrelaxed_rank_5_model_1.pdb,0.4268126397713617,['I106A']
