name,rmsd,mut
P61626_1lhh_3a3d2_unrelaxed_rank_1_model_5.pdb,0.4068719123320508,['V110P']
P61626_1lhh_3a3d2_unrelaxed_rank_2_model_3.pdb,0.3823106636594534,['V110P']
P61626_1lhh_3a3d2_unrelaxed_rank_3_model_4.pdb,0.36143010051882846,['V110P']
P61626_1lhh_3a3d2_unrelaxed_rank_4_model_2.pdb,0.3947851322594372,['V110P']
P61626_1lhh_3a3d2_unrelaxed_rank_5_model_1.pdb,0.38673857961231084,['V110P']
