name,rmsd,mut
P61626_1wqq_80b67_unrelaxed_rank_1_model_5.pdb,0.3689792425812589,['Y54F']
P61626_1wqq_80b67_unrelaxed_rank_2_model_3.pdb,0.35513899739406996,['Y54F']
P61626_1wqq_80b67_unrelaxed_rank_3_model_4.pdb,0.3576796043349063,['Y54F']
P61626_1wqq_80b67_unrelaxed_rank_4_model_2.pdb,0.3865240551480526,['Y54F']
P61626_1wqq_80b67_unrelaxed_rank_5_model_1.pdb,0.37967916637594806,['Y54F']
