name,rmsd,mut
P61626_1gfu_4730f_unrelaxed_rank_1_model_5.pdb,0.4033795778573405,['V110D']
P61626_1gfu_4730f_unrelaxed_rank_2_model_3.pdb,0.3967320727006526,['V110D']
P61626_1gfu_4730f_unrelaxed_rank_3_model_4.pdb,0.3874566380618367,['V110D']
P61626_1gfu_4730f_unrelaxed_rank_4_model_2.pdb,0.4022140327354198,['V110D']
P61626_1gfu_4730f_unrelaxed_rank_5_model_1.pdb,0.40685591125986703,['V110D']
