name,rmsd,mut
P61626_1wqo_80e15_unrelaxed_rank_1_model_5.pdb,0.4112357333996792,['Y38F']
P61626_1wqo_80e15_unrelaxed_rank_2_model_3.pdb,0.37673574628535567,['Y38F']
P61626_1wqo_80e15_unrelaxed_rank_3_model_4.pdb,0.3751773983121971,['Y38F']
P61626_1wqo_80e15_unrelaxed_rank_4_model_2.pdb,0.3993684332975537,['Y38F']
P61626_1wqo_80e15_unrelaxed_rank_5_model_1.pdb,0.405709736248992,['Y38F']
