name,rmsd,mut
P61626_1gfv_135dd_unrelaxed_rank_1_model_5.pdb,0.4115421369975067,['V110N']
P61626_1gfv_135dd_unrelaxed_rank_2_model_3.pdb,0.3979097630803797,['V110N']
P61626_1gfv_135dd_unrelaxed_rank_3_model_4.pdb,0.37929517500425086,['V110N']
P61626_1gfv_135dd_unrelaxed_rank_4_model_2.pdb,0.3974948491964202,['V110N']
P61626_1gfv_135dd_unrelaxed_rank_5_model_1.pdb,0.4015911287778006,['V110N']
