name,rmsd,mut
P61626_1yaq_d4469_unrelaxed_rank_1_model_5.pdb,0.41065586054735775,['I89V']
P61626_1yaq_d4469_unrelaxed_rank_2_model_3.pdb,0.3696046173340979,['I89V']
P61626_1yaq_d4469_unrelaxed_rank_3_model_4.pdb,0.37760691448253425,['I89V']
P61626_1yaq_d4469_unrelaxed_rank_4_model_2.pdb,0.404949684149167,['I89V']
P61626_1yaq_d4469_unrelaxed_rank_5_model_1.pdb,0.401671541954903,['I89V']
