name,rmsd,mut
P61626_1wqm_98012_unrelaxed_rank_1_model_5.pdb,0.40513293107942405,['Y124F']
P61626_1wqm_98012_unrelaxed_rank_2_model_3.pdb,0.3738821423069233,['Y124F']
P61626_1wqm_98012_unrelaxed_rank_3_model_4.pdb,0.3784579235990591,['Y124F']
P61626_1wqm_98012_unrelaxed_rank_4_model_2.pdb,0.3948789920324383,['Y124F']
P61626_1wqm_98012_unrelaxed_rank_5_model_1.pdb,0.40047925746097923,['Y124F']
