name,rmsd,mut
P61626_1oue_67f0f_unrelaxed_rank_1_model_5.pdb,0.4078644658455122,['V125A']
P61626_1oue_67f0f_unrelaxed_rank_2_model_3.pdb,0.36960453532983617,['V125A']
P61626_1oue_67f0f_unrelaxed_rank_3_model_4.pdb,0.37043001133744863,['V125A']
P61626_1oue_67f0f_unrelaxed_rank_4_model_2.pdb,0.40412982524979885,['V125A']
P61626_1oue_67f0f_unrelaxed_rank_5_model_1.pdb,0.385438886216883,['V125A']
