name,rmsd,mut
P61626_1oui_75b31_unrelaxed_rank_1_model_5.pdb,0.45366534210247117,['V93A']
P61626_1oui_75b31_unrelaxed_rank_2_model_3.pdb,0.38502822156529526,['V93A']
P61626_1oui_75b31_unrelaxed_rank_3_model_4.pdb,0.39202431939261784,['V93A']
P61626_1oui_75b31_unrelaxed_rank_4_model_2.pdb,0.4190464490950759,['V93A']
P61626_1oui_75b31_unrelaxed_rank_5_model_1.pdb,0.41568856666847825,['V93A']
