name,rmsd,mut
P61626_1gb6_3db01_unrelaxed_rank_1_model_5.pdb,0.40018571548929927,['V74I']
P61626_1gb6_3db01_unrelaxed_rank_2_model_3.pdb,0.3787638330243869,['V74I']
P61626_1gb6_3db01_unrelaxed_rank_3_model_4.pdb,0.38441200727357894,['V74I']
P61626_1gb6_3db01_unrelaxed_rank_4_model_2.pdb,0.3966356008592857,['V74I']
P61626_1gb6_3db01_unrelaxed_rank_5_model_1.pdb,0.39172404595937693,['V74I']
