name,rmsd,mut
P61626_1gb7_34253_unrelaxed_rank_1_model_5.pdb,0.42273649939286473,['V74L']
P61626_1gb7_34253_unrelaxed_rank_2_model_3.pdb,0.3767419826306789,['V74L']
P61626_1gb7_34253_unrelaxed_rank_3_model_4.pdb,0.39146902492505314,['V74L']
P61626_1gb7_34253_unrelaxed_rank_4_model_2.pdb,0.4128075517529943,['V74L']
P61626_1gb7_34253_unrelaxed_rank_5_model_1.pdb,0.4041032734733111,['V74L']
