name,rmsd,mut
P61626_1gby_02d41_unrelaxed_rank_1_model_5.pdb,0.4133040907041405,['V110M']
P61626_1gby_02d41_unrelaxed_rank_2_model_3.pdb,0.38705370501280695,['V110M']
P61626_1gby_02d41_unrelaxed_rank_3_model_4.pdb,0.38471426853198437,['V110M']
P61626_1gby_02d41_unrelaxed_rank_4_model_2.pdb,0.40418340262681723,['V110M']
P61626_1gby_02d41_unrelaxed_rank_5_model_1.pdb,0.40695783263731383,['V110M']
