name,rmsd,mut
P61626_1yam_5865b_unrelaxed_rank_1_model_5.pdb,0.4243661277732132,['I106V']
P61626_1yam_5865b_unrelaxed_rank_2_model_3.pdb,0.37669579793724417,['I106V']
P61626_1yam_5865b_unrelaxed_rank_3_model_4.pdb,0.3859851552847276,['I106V']
P61626_1yam_5865b_unrelaxed_rank_4_model_2.pdb,0.4347400045387,['I106V']
P61626_1yam_5865b_unrelaxed_rank_5_model_1.pdb,0.4160537801923013,['I106V']
