name,rmsd,mut
P61626_1inu_3a3c9_unrelaxed_rank_1_model_5.pdb,0.4119330778535856,['V110R']
P61626_1inu_3a3c9_unrelaxed_rank_2_model_3.pdb,0.3900584432993014,['V110R']
P61626_1inu_3a3c9_unrelaxed_rank_3_model_4.pdb,0.3859902204462266,['V110R']
P61626_1inu_3a3c9_unrelaxed_rank_4_model_2.pdb,0.40096986367190585,['V110R']
P61626_1inu_3a3c9_unrelaxed_rank_5_model_1.pdb,0.40721308116322075,['V110R']
