name,rmsd,mut
P61626_1gbz_8966e_unrelaxed_rank_1_model_5.pdb,0.4017374519795114,['V110F']
P61626_1gbz_8966e_unrelaxed_rank_2_model_3.pdb,0.38830587935164,['V110F']
P61626_1gbz_8966e_unrelaxed_rank_3_model_4.pdb,0.3769620469258327,['V110F']
P61626_1gbz_8966e_unrelaxed_rank_4_model_2.pdb,0.39549703265221975,['V110F']
P61626_1gbz_8966e_unrelaxed_rank_5_model_1.pdb,0.40091396534739476,['V110F']
