name,rmsd,mut
P61626_1yaq_d4469_unrelaxed_rank_1_model_5.pdb,0.16139025140457386,['I89V']
P61626_1yaq_d4469_unrelaxed_rank_2_model_3.pdb,0.18132843203632462,['I89V']
P61626_1yaq_d4469_unrelaxed_rank_3_model_4.pdb,0.1860867058919117,['I89V']
P61626_1yaq_d4469_unrelaxed_rank_4_model_2.pdb,0.19168487272801657,['I89V']
P61626_1yaq_d4469_unrelaxed_rank_5_model_1.pdb,0.16345917563225779,['I89V']
