name,rmsd,mut
P61626_1gb7_34253_unrelaxed_rank_1_model_5.pdb,0.16836402301507486,['V74L']
P61626_1gb7_34253_unrelaxed_rank_2_model_3.pdb,0.16898081765949616,['V74L']
P61626_1gb7_34253_unrelaxed_rank_3_model_4.pdb,0.18008799113727467,['V74L']
P61626_1gb7_34253_unrelaxed_rank_4_model_2.pdb,0.17516764947414415,['V74L']
P61626_1gb7_34253_unrelaxed_rank_5_model_1.pdb,0.14966167252683255,['V74L']
