name,rmsd,mut
P61626_1gfj_09f32_unrelaxed_rank_1_model_5.pdb,0.16837908177082933,['V74D']
P61626_1gfj_09f32_unrelaxed_rank_2_model_3.pdb,0.17563029025241636,['V74D']
P61626_1gfj_09f32_unrelaxed_rank_3_model_4.pdb,0.1897828632381316,['V74D']
P61626_1gfj_09f32_unrelaxed_rank_4_model_2.pdb,0.17260971689893276,['V74D']
P61626_1gfj_09f32_unrelaxed_rank_5_model_1.pdb,0.15875037564349279,['V74D']
