name,rmsd,mut
P61626_1lhj_28e9b_unrelaxed_rank_1_model_5.pdb,0.192172025979578,['P103G']
P61626_1lhj_28e9b_unrelaxed_rank_2_model_3.pdb,0.1752081992062806,['P103G']
P61626_1lhj_28e9b_unrelaxed_rank_3_model_4.pdb,0.22020132673749634,['P103G']
P61626_1lhj_28e9b_unrelaxed_rank_4_model_2.pdb,0.2043402676697481,['P103G']
P61626_1lhj_28e9b_unrelaxed_rank_5_model_1.pdb,0.47625434961678836,['P103G']
