name,rmsd,mut
P61626_1gbz_8966e_unrelaxed_rank_1_model_5.pdb,0.166824541812234,['V110F']
P61626_1gbz_8966e_unrelaxed_rank_2_model_3.pdb,0.17848117665073523,['V110F']
P61626_1gbz_8966e_unrelaxed_rank_3_model_4.pdb,0.18282793709368006,['V110F']
P61626_1gbz_8966e_unrelaxed_rank_4_model_2.pdb,0.16863710433919402,['V110F']
P61626_1gbz_8966e_unrelaxed_rank_5_model_1.pdb,0.15766850517371903,['V110F']
