name,rmsd,mut
P61626_1lhh_3a3d2_unrelaxed_rank_1_model_5.pdb,0.166324613889543,['V110P']
P61626_1lhh_3a3d2_unrelaxed_rank_2_model_3.pdb,0.16802758195228204,['V110P']
P61626_1lhh_3a3d2_unrelaxed_rank_3_model_4.pdb,0.1779604039432396,['V110P']
P61626_1lhh_3a3d2_unrelaxed_rank_4_model_2.pdb,0.1676964375970362,['V110P']
P61626_1lhh_3a3d2_unrelaxed_rank_5_model_1.pdb,0.15201973246942613,['V110P']
