name,rmsd,mut
P61626_1gb6_3db01_unrelaxed_rank_1_model_5.pdb,0.16077255017768527,['V74I']
P61626_1gb6_3db01_unrelaxed_rank_2_model_3.pdb,0.16601239320363545,['V74I']
P61626_1gb6_3db01_unrelaxed_rank_3_model_4.pdb,0.17721142406128096,['V74I']
P61626_1gb6_3db01_unrelaxed_rank_4_model_2.pdb,0.16818793616812117,['V74I']
P61626_1gb6_3db01_unrelaxed_rank_5_model_1.pdb,0.15391898579494065,['V74I']
