name,rmsd,mut
P61626_1inu_3a3c9_unrelaxed_rank_1_model_5.pdb,0.1642170656101994,['V110R']
P61626_1inu_3a3c9_unrelaxed_rank_2_model_3.pdb,0.16825962415221898,['V110R']
P61626_1inu_3a3c9_unrelaxed_rank_3_model_4.pdb,0.17544547819951975,['V110R']
P61626_1inu_3a3c9_unrelaxed_rank_4_model_2.pdb,0.1648874571797328,['V110R']
P61626_1inu_3a3c9_unrelaxed_rank_5_model_1.pdb,0.15866802274677097,['V110R']
