name,rmsd,mut
P61626_1yam_5865b_unrelaxed_rank_1_model_5.pdb,0.16182858065329533,['I106V']
P61626_1yam_5865b_unrelaxed_rank_2_model_3.pdb,0.18742383648489566,['I106V']
P61626_1yam_5865b_unrelaxed_rank_3_model_4.pdb,0.18977431116059884,['I106V']
P61626_1yam_5865b_unrelaxed_rank_4_model_2.pdb,0.18133587993036646,['I106V']
P61626_1yam_5865b_unrelaxed_rank_5_model_1.pdb,0.1526618570451629,['I106V']
