name,rmsd,mut
P00720_2hec_f8107_unrelaxed_rank_1_model_5.pdb,0.1647457733462768,['I56A']
P00720_2hec_f8107_unrelaxed_rank_2_model_3.pdb,0.1696493415550991,['I56A']
P00720_2hec_f8107_unrelaxed_rank_3_model_4.pdb,0.17968673196176313,['I56A']
P00720_2hec_f8107_unrelaxed_rank_4_model_2.pdb,0.18776181352762267,['I56A']
P00720_2hec_f8107_unrelaxed_rank_5_model_1.pdb,0.1674230223896645,['I56A']
