name,rmsd,mut
P61626_1oue_67f0f_unrelaxed_rank_1_model_5.pdb,0.1624702241478258,['V125A']
P61626_1oue_67f0f_unrelaxed_rank_2_model_3.pdb,0.17159697457606926,['V125A']
P61626_1oue_67f0f_unrelaxed_rank_3_model_4.pdb,0.1814973043903373,['V125A']
P61626_1oue_67f0f_unrelaxed_rank_4_model_2.pdb,0.18583251564883838,['V125A']
P61626_1oue_67f0f_unrelaxed_rank_5_model_1.pdb,0.16516935414248157,['V125A']
