name,rmsd,mut
P00720_1l37_msa_64_86905.custom_unrelaxed_rank_1_model_5.pdb,0.6009712060121636,['T115E']
P00720_1l37_msa_64_86905.custom_unrelaxed_rank_2_model_2.pdb,0.6185429745650802,['T115E']
P00720_1l37_msa_64_86905.custom_unrelaxed_rank_3_model_4.pdb,0.676666406215023,['T115E']
P00720_1l37_msa_64_86905.custom_unrelaxed_rank_4_model_3.pdb,0.773935044343344,['T115E']
P00720_1l37_msa_64_86905.custom_unrelaxed_rank_5_model_1.pdb,0.7160916701198703,['T115E']
