name,rmsd,mut
P00720_1l07_msa_64_87220.custom_unrelaxed_rank_1_model_4.pdb,0.7740317443544026,['T157F']
P00720_1l07_msa_64_87220.custom_unrelaxed_rank_2_model_3.pdb,0.8022692941862518,['T157F']
P00720_1l07_msa_64_87220.custom_unrelaxed_rank_3_model_5.pdb,0.6038981835197359,['T157F']
P00720_1l07_msa_64_87220.custom_unrelaxed_rank_4_model_2.pdb,0.8469130697092723,['T157F']
P00720_1l07_msa_64_87220.custom_unrelaxed_rank_5_model_1.pdb,0.735084673769915,['T157F']
