name,rmsd,mut
P00720_1l37_msa_64_86905.custom_unrelaxed_rank_1_model_5.pdb,0.5895347597944404,['T115E']
P00720_1l37_msa_64_86905.custom_unrelaxed_rank_2_model_2.pdb,0.6106823128109417,['T115E']
P00720_1l37_msa_64_86905.custom_unrelaxed_rank_3_model_4.pdb,0.6573987309681139,['T115E']
P00720_1l37_msa_64_86905.custom_unrelaxed_rank_4_model_3.pdb,0.7605702721974757,['T115E']
P00720_1l37_msa_64_86905.custom_unrelaxed_rank_5_model_1.pdb,0.7001976314821092,['T115E']
