name,rmsd,mut
P00720_1l99_msa_64_16304.custom_unrelaxed_rank_1_model_5.pdb,1.0096643780978847,['Q105G']
P00720_1l99_msa_64_16304.custom_unrelaxed_rank_2_model_3.pdb,1.8521701021896912,['Q105G']
P00720_1l99_msa_64_16304.custom_unrelaxed_rank_3_model_4.pdb,0.6433753933546121,['Q105G']
P00720_1l99_msa_64_16304.custom_unrelaxed_rank_4_model_2.pdb,0.9045523430819907,['Q105G']
P00720_1l99_msa_64_16304.custom_unrelaxed_rank_5_model_1.pdb,0.9458697397152829,['Q105G']
