name,rmsd,mut
P61626_1yap_991ac_unrelaxed_rank_1_model_5.pdb,0.061997908765579084,['I59V']
P61626_1yap_991ac_unrelaxed_rank_2_model_3.pdb,0.13597199953586708,['I59V']
P61626_1yap_991ac_unrelaxed_rank_3_model_4.pdb,0.14496088070175117,['I59V']
P61626_1yap_991ac_unrelaxed_rank_4_model_2.pdb,0.15819175470241584,['I59V']
P61626_1yap_991ac_unrelaxed_rank_5_model_1.pdb,0.13701932684437648,['I59V']
