name,rmsd,mut
P00720_2hec_f8107_unrelaxed_rank_1_model_5.pdb,0.10313417711754037,['I56A']
P00720_2hec_f8107_unrelaxed_rank_2_model_3.pdb,0.13989100150601833,['I56A']
P00720_2hec_f8107_unrelaxed_rank_3_model_4.pdb,0.13434628559112188,['I56A']
P00720_2hec_f8107_unrelaxed_rank_4_model_2.pdb,0.15398566081862483,['I56A']
P00720_2hec_f8107_unrelaxed_rank_5_model_1.pdb,0.1439528978552672,['I56A']
