name,rmsd,mut
P61626_1gbw_c9d43_unrelaxed_rank_1_model_5.pdb,0.05333643974865397,['V110I']
P61626_1gbw_c9d43_unrelaxed_rank_2_model_3.pdb,0.12449937582417396,['V110I']
P61626_1gbw_c9d43_unrelaxed_rank_3_model_4.pdb,0.12393805864670497,['V110I']
P61626_1gbw_c9d43_unrelaxed_rank_4_model_2.pdb,0.1376934801864636,['V110I']
P61626_1gbw_c9d43_unrelaxed_rank_5_model_1.pdb,0.12266489734815052,['V110I']
