name,rmsd,mut
P61626_1oud_5e5e7_unrelaxed_rank_1_model_5.pdb,0.08214113115836238,['V121A']
P61626_1oud_5e5e7_unrelaxed_rank_2_model_3.pdb,0.14032128208868908,['V121A']
P61626_1oud_5e5e7_unrelaxed_rank_3_model_4.pdb,0.14988853264050944,['V121A']
P61626_1oud_5e5e7_unrelaxed_rank_4_model_2.pdb,0.16820592509823584,['V121A']
P61626_1oud_5e5e7_unrelaxed_rank_5_model_1.pdb,0.14843553211531346,['V121A']
