name,rmsd,mut
P61626_1lhh_3a3d2_unrelaxed_rank_1_model_5.pdb,0.06666742783350933,['V110P']
P61626_1lhh_3a3d2_unrelaxed_rank_2_model_3.pdb,0.12324795432016594,['V110P']
P61626_1lhh_3a3d2_unrelaxed_rank_3_model_4.pdb,0.1412553533212192,['V110P']
P61626_1lhh_3a3d2_unrelaxed_rank_4_model_2.pdb,0.15661708007473568,['V110P']
P61626_1lhh_3a3d2_unrelaxed_rank_5_model_1.pdb,0.12895715767322147,['V110P']
