name,rmsd,mut
P61626_1gb7_34253_unrelaxed_rank_1_model_5.pdb,0.04453113792047523,['V74L']
P61626_1gb7_34253_unrelaxed_rank_2_model_3.pdb,0.12013182494759028,['V74L']
P61626_1gb7_34253_unrelaxed_rank_3_model_4.pdb,0.1260006302644107,['V74L']
P61626_1gb7_34253_unrelaxed_rank_4_model_2.pdb,0.1385950809765555,['V74L']
P61626_1gb7_34253_unrelaxed_rank_5_model_1.pdb,0.11770247584482092,['V74L']
