name,rmsd,mut
P61626_1ouc_33d6f_unrelaxed_rank_1_model_5.pdb,0.05677063162954956,['V110A']
P61626_1ouc_33d6f_unrelaxed_rank_2_model_3.pdb,0.1300736567826113,['V110A']
P61626_1ouc_33d6f_unrelaxed_rank_3_model_4.pdb,0.1383040593045145,['V110A']
P61626_1ouc_33d6f_unrelaxed_rank_4_model_2.pdb,0.14124364028633946,['V110A']
P61626_1ouc_33d6f_unrelaxed_rank_5_model_1.pdb,0.13195831041569223,['V110A']
