name,rmsd,mut
P61626_1gb8_29aa4_unrelaxed_rank_1_model_5.pdb,0.04793482828129243,['V74M']
P61626_1gb8_29aa4_unrelaxed_rank_2_model_3.pdb,0.12859796363666742,['V74M']
P61626_1gb8_29aa4_unrelaxed_rank_3_model_4.pdb,0.1332287453991835,['V74M']
P61626_1gb8_29aa4_unrelaxed_rank_4_model_2.pdb,0.15397615127764466,['V74M']
P61626_1gb8_29aa4_unrelaxed_rank_5_model_1.pdb,0.1280016998927116,['V74M']
