name,rmsd,mut
P00720_2hee_65a71_unrelaxed_rank_1_model_5.pdb,0.11272502295042992,['I59G']
P00720_2hee_65a71_unrelaxed_rank_2_model_3.pdb,0.16607772555876932,['I59G']
P00720_2hee_65a71_unrelaxed_rank_3_model_4.pdb,0.19340428006666924,['I59G']
P00720_2hee_65a71_unrelaxed_rank_4_model_2.pdb,0.20432436340667487,['I59G']
P00720_2hee_65a71_unrelaxed_rank_5_model_1.pdb,0.18533304693865574,['I59G']
