name,rmsd,mut
P61626_2hea_07ef1_unrelaxed_rank_1_model_5.pdb,0.12118135330472321,['I106A']
P61626_2hea_07ef1_unrelaxed_rank_2_model_4.pdb,0.17735192745853118,['I106A']
P61626_2hea_07ef1_unrelaxed_rank_3_model_3.pdb,0.16838596926567392,['I106A']
P61626_2hea_07ef1_unrelaxed_rank_4_model_2.pdb,0.20646115652065114,['I106A']
P61626_2hea_07ef1_unrelaxed_rank_5_model_1.pdb,0.16455096705728198,['I106A']
