name,rmsd,mut
P61626_1yan_2f240_unrelaxed_rank_1_model_5.pdb,0.0808710375218954,['I23V']
P61626_1yan_2f240_unrelaxed_rank_2_model_3.pdb,0.14233600117813283,['I23V']
P61626_1yan_2f240_unrelaxed_rank_3_model_4.pdb,0.12820435598314958,['I23V']
P61626_1yan_2f240_unrelaxed_rank_4_model_2.pdb,0.16440244881827265,['I23V']
P61626_1yan_2f240_unrelaxed_rank_5_model_1.pdb,0.14138072755898856,['I23V']
