name,rmsd,mut
P00720_1l22_a4332_unrelaxed_rank_1_model_5.pdb,0.6860337115085731,['K124G']
P00720_1l22_a4332_unrelaxed_rank_2_model_4.pdb,0.6226633638536153,['K124G']
P00720_1l22_a4332_unrelaxed_rank_3_model_2.pdb,0.4298521574888928,['K124G']
P00720_1l22_a4332_unrelaxed_rank_4_model_3.pdb,0.6845488419343546,['K124G']
P00720_1l22_a4332_unrelaxed_rank_5_model_1.pdb,0.3747491707834626,['K124G']
