name,rmsd,mut
P00720_1l69_4cd51_unrelaxed_rank_1_model_5.pdb,0.7020746053103651,['L133A']
P00720_1l69_4cd51_unrelaxed_rank_2_model_4.pdb,0.5969333679729436,['L133A']
P00720_1l69_4cd51_unrelaxed_rank_3_model_2.pdb,0.4266616435831181,['L133A']
P00720_1l69_4cd51_unrelaxed_rank_4_model_3.pdb,0.6330912002775841,['L133A']
P00720_1l69_4cd51_unrelaxed_rank_5_model_1.pdb,0.41704126767003896,['L133A']
