name,rmsd,mut
P00720_1l37_86905_unrelaxed_rank_1_model_4.pdb,0.60430640599301,['T115E']
P00720_1l37_86905_unrelaxed_rank_2_model_5.pdb,0.6662439697121285,['T115E']
P00720_1l37_86905_unrelaxed_rank_3_model_2.pdb,0.4163612591476125,['T115E']
P00720_1l37_86905_unrelaxed_rank_4_model_3.pdb,0.7483706111594757,['T115E']
P00720_1l37_86905_unrelaxed_rank_5_model_1.pdb,0.4818623116647773,['T115E']
