name,rmsd,mut
P00720_1l46_8411c_unrelaxed_rank_1_model_5.pdb,0.7025624700357348,['K147E']
P00720_1l46_8411c_unrelaxed_rank_2_model_4.pdb,0.575134728914683,['K147E']
P00720_1l46_8411c_unrelaxed_rank_3_model_2.pdb,0.44734986009234917,['K147E']
P00720_1l46_8411c_unrelaxed_rank_4_model_3.pdb,0.5444270773693343,['K147E']
P00720_1l46_8411c_unrelaxed_rank_5_model_1.pdb,0.36400872498075126,['K147E']
