name,rmsd,mut
P00720_1l25_9d1f8_unrelaxed_rank_1_model_4.pdb,0.5867056599442748,['P86A']
P00720_1l25_9d1f8_unrelaxed_rank_2_model_5.pdb,0.6199330217423503,['P86A']
P00720_1l25_9d1f8_unrelaxed_rank_3_model_2.pdb,0.32685673123118564,['P86A']
P00720_1l25_9d1f8_unrelaxed_rank_4_model_3.pdb,0.6712674456410244,['P86A']
P00720_1l25_9d1f8_unrelaxed_rank_5_model_1.pdb,0.4535617114737401,['P86A']
