name,rmsd,mut
P00720_1l53_02c2a_unrelaxed_rank_1_model_5.pdb,0.6775544793949018,['V149C']
P00720_1l53_02c2a_unrelaxed_rank_2_model_4.pdb,0.6317924909525681,['V149C']
P00720_1l53_02c2a_unrelaxed_rank_3_model_2.pdb,0.37298677214859655,['V149C']
P00720_1l53_02c2a_unrelaxed_rank_4_model_3.pdb,0.6862237882776038,['V149C']
P00720_1l53_02c2a_unrelaxed_rank_5_model_1.pdb,0.36566498248687573,['V149C']
