name,rmsd,mut
P00720_1l21_683e5_unrelaxed_rank_1_model_4.pdb,0.5662191497424438,['N55G']
P00720_1l21_683e5_unrelaxed_rank_2_model_5.pdb,0.6107323204305432,['N55G']
P00720_1l21_683e5_unrelaxed_rank_3_model_2.pdb,0.351908037261619,['N55G']
P00720_1l21_683e5_unrelaxed_rank_4_model_3.pdb,0.6865374815325594,['N55G']
P00720_1l21_683e5_unrelaxed_rank_5_model_1.pdb,0.4806187306762101,['N55G']
