name,rmsd,mut
P00720_1l57_44c91_unrelaxed_rank_1_model_5.pdb,0.6725827182617228,['N116D']
P00720_1l57_44c91_unrelaxed_rank_2_model_4.pdb,0.6466310695544993,['N116D']
P00720_1l57_44c91_unrelaxed_rank_3_model_2.pdb,0.36101000297601393,['N116D']
P00720_1l57_44c91_unrelaxed_rank_4_model_3.pdb,0.6329594865803305,['N116D']
P00720_1l57_44c91_unrelaxed_rank_5_model_1.pdb,0.533106263307931,['N116D']
