name,rmsd,mut
P00720_1l29_0b649_unrelaxed_rank_1_model_4.pdb,0.5805025433352666,['P86H']
P00720_1l29_0b649_unrelaxed_rank_2_model_5.pdb,0.6376633173021814,['P86H']
P00720_1l29_0b649_unrelaxed_rank_3_model_2.pdb,0.3481019033609069,['P86H']
P00720_1l29_0b649_unrelaxed_rank_4_model_3.pdb,0.7056103699074967,['P86H']
P00720_1l29_0b649_unrelaxed_rank_5_model_1.pdb,0.5071547159713964,['P86H']
