name,rmsd,mut
P00720_1dyf_0067a_unrelaxed_rank_1_model_5.pdb,0.65825615277219,['V131M']
P00720_1dyf_0067a_unrelaxed_rank_2_model_4.pdb,0.5651972920220225,['V131M']
P00720_1dyf_0067a_unrelaxed_rank_3_model_2.pdb,0.3904239493551189,['V131M']
P00720_1dyf_0067a_unrelaxed_rank_4_model_3.pdb,0.5797033542001956,['V131M']
P00720_1dyf_0067a_unrelaxed_rank_5_model_1.pdb,0.5255312441271132,['V131M']
