name,rmsd,mut
P00720_1l44_d7882_unrelaxed_rank_1_model_5.pdb,0.6489032553111233,['R119E']
P00720_1l44_d7882_unrelaxed_rank_2_model_4.pdb,0.5487650905514264,['R119E']
P00720_1l44_d7882_unrelaxed_rank_3_model_2.pdb,0.3492196410040404,['R119E']
P00720_1l44_d7882_unrelaxed_rank_4_model_3.pdb,0.6108096785259054,['R119E']
P00720_1l44_d7882_unrelaxed_rank_5_model_1.pdb,0.34157039510261583,['R119E']
