name,rmsd,mut
P00720_1l26_a30a0_unrelaxed_rank_1_model_4.pdb,0.620620102991847,['P86C']
P00720_1l26_a30a0_unrelaxed_rank_2_model_5.pdb,0.6455814242207811,['P86C']
P00720_1l26_a30a0_unrelaxed_rank_3_model_2.pdb,0.41855803596508784,['P86C']
P00720_1l26_a30a0_unrelaxed_rank_4_model_3.pdb,0.7732937420968538,['P86C']
P00720_1l26_a30a0_unrelaxed_rank_5_model_1.pdb,0.47562876308256086,['P86C']
