name,rmsd,mut
P00720_1l14_eb277_unrelaxed_rank_1_model_5.pdb,0.6847472093254207,['T157S']
P00720_1l14_eb277_unrelaxed_rank_2_model_4.pdb,0.5868420919952085,['T157S']
P00720_1l14_eb277_unrelaxed_rank_3_model_2.pdb,0.3407708288680161,['T157S']
P00720_1l14_eb277_unrelaxed_rank_4_model_3.pdb,0.6828951387748147,['T157S']
P00720_1l14_eb277_unrelaxed_rank_5_model_1.pdb,0.5217371681508587,['T157S']
