name,rmsd,mut
P00720_1l19_e6a8b_unrelaxed_rank_1_model_5.pdb,0.6668536428549066,['S38D']
P00720_1l19_e6a8b_unrelaxed_rank_2_model_4.pdb,0.5788207171729556,['S38D']
P00720_1l19_e6a8b_unrelaxed_rank_3_model_2.pdb,0.3668021867840223,['S38D']
P00720_1l19_e6a8b_unrelaxed_rank_4_model_3.pdb,0.5685684277823325,['S38D']
P00720_1l19_e6a8b_unrelaxed_rank_5_model_1.pdb,0.4537045502771105,['S38D']
