name,rmsd,mut
P00720_1l05_30f86_unrelaxed_rank_1_model_5.pdb,0.6575258542391892,['T157D']
P00720_1l05_30f86_unrelaxed_rank_2_model_4.pdb,0.5982321706333019,['T157D']
P00720_1l05_30f86_unrelaxed_rank_3_model_2.pdb,0.4140288215206115,['T157D']
P00720_1l05_30f86_unrelaxed_rank_4_model_3.pdb,0.7277595107511322,['T157D']
P00720_1l05_30f86_unrelaxed_rank_5_model_1.pdb,0.5338462740094284,['T157D']
