name,rmsd,mut
P00720_1l58_3d612_unrelaxed_rank_1_model_4.pdb,0.6400881568071461,['P143A']
P00720_1l58_3d612_unrelaxed_rank_2_model_5.pdb,0.7091969949306118,['P143A']
P00720_1l58_3d612_unrelaxed_rank_3_model_2.pdb,0.4342941335817653,['P143A']
P00720_1l58_3d612_unrelaxed_rank_4_model_3.pdb,0.4503235616724631,['P143A']
P00720_1l58_3d612_unrelaxed_rank_5_model_1.pdb,0.45299642071198615,['P143A']
