name,rmsd,mut
P00720_1l60_c7f5b_unrelaxed_rank_1_model_4.pdb,0.5718743349899182,['G113A']
P00720_1l60_c7f5b_unrelaxed_rank_2_model_5.pdb,0.6241197089468293,['G113A']
P00720_1l60_c7f5b_unrelaxed_rank_3_model_2.pdb,0.3248200221096473,['G113A']
P00720_1l60_c7f5b_unrelaxed_rank_4_model_3.pdb,0.5840773509542572,['G113A']
P00720_1l60_c7f5b_unrelaxed_rank_5_model_1.pdb,0.5903427600681028,['G113A']
