name,rmsd,mut
P00720_1l47_2ece2_unrelaxed_rank_1_model_5.pdb,0.678372032730752,['R154E']
P00720_1l47_2ece2_unrelaxed_rank_2_model_4.pdb,0.6110111040813284,['R154E']
P00720_1l47_2ece2_unrelaxed_rank_3_model_2.pdb,0.33592914819983183,['R154E']
P00720_1l47_2ece2_unrelaxed_rank_4_model_3.pdb,0.5070613012750987,['R154E']
P00720_1l47_2ece2_unrelaxed_rank_5_model_1.pdb,0.38632519069400123,['R154E']
