name,rmsd,mut
P00720_1l33_bd093_unrelaxed_rank_1_model_5.pdb,0.6505553162767548,['V131A']
P00720_1l33_bd093_unrelaxed_rank_2_model_4.pdb,0.5642542024622044,['V131A']
P00720_1l33_bd093_unrelaxed_rank_3_model_2.pdb,0.4183217382655729,['V131A']
P00720_1l33_bd093_unrelaxed_rank_4_model_1.pdb,0.47300330617404845,['V131A']
P00720_1l33_bd093_unrelaxed_rank_5_model_3.pdb,0.5833070128290904,['V131A']
