name,rmsd,mut
P00720_1l13_b411e_unrelaxed_rank_1_model_5.pdb,0.6993443935591707,['T157R']
P00720_1l13_b411e_unrelaxed_rank_2_model_4.pdb,0.583535598624212,['T157R']
P00720_1l13_b411e_unrelaxed_rank_3_model_2.pdb,0.3919572487221491,['T157R']
P00720_1l13_b411e_unrelaxed_rank_4_model_3.pdb,0.4641016109608342,['T157R']
P00720_1l13_b411e_unrelaxed_rank_5_model_1.pdb,0.47548474630183646,['T157R']
