name,rmsd,mut
P00720_1l99_16304_unrelaxed_rank_1_model_4.pdb,0.5516731729046288,['Q105G']
P00720_1l99_16304_unrelaxed_rank_2_model_5.pdb,0.7228975994877537,['Q105G']
P00720_1l99_16304_unrelaxed_rank_3_model_2.pdb,0.5057007470440065,['Q105G']
P00720_1l99_16304_unrelaxed_rank_4_model_3.pdb,0.35684003393482266,['Q105G']
P00720_1l99_16304_unrelaxed_rank_5_model_1.pdb,0.3390147194093117,['Q105G']
