name,rmsd,mut
P00720_1dya_b1204_unrelaxed_rank_1_model_4.pdb,0.6768670878431426,['V131D']
P00720_1dya_b1204_unrelaxed_rank_2_model_5.pdb,0.6710277336267427,['V131D']
P00720_1dya_b1204_unrelaxed_rank_3_model_3.pdb,0.9016051010889673,['V131D']
P00720_1dya_b1204_unrelaxed_rank_4_model_2.pdb,0.3692636138982793,['V131D']
P00720_1dya_b1204_unrelaxed_rank_5_model_1.pdb,0.4482719549227997,['V131D']
