name,rmsd,mut
P00720_1l28_86283_unrelaxed_rank_1_model_5.pdb,0.6544426000499208,['P86G']
P00720_1l28_86283_unrelaxed_rank_2_model_4.pdb,0.5741041162036289,['P86G']
P00720_1l28_86283_unrelaxed_rank_3_model_2.pdb,0.3980168313286286,['P86G']
P00720_1l28_86283_unrelaxed_rank_4_model_3.pdb,0.6636333529321445,['P86G']
P00720_1l28_86283_unrelaxed_rank_5_model_1.pdb,0.49044221852264736,['P86G']
