name,rmsd,mut
P00720_1l08_10734_unrelaxed_rank_1_model_5.pdb,0.6828681078180014,['T157G']
P00720_1l08_10734_unrelaxed_rank_2_model_4.pdb,0.61542836818283,['T157G']
P00720_1l08_10734_unrelaxed_rank_3_model_2.pdb,0.44949853512278426,['T157G']
P00720_1l08_10734_unrelaxed_rank_4_model_3.pdb,0.48851393869916243,['T157G']
P00720_1l08_10734_unrelaxed_rank_5_model_1.pdb,0.5912207203600989,['T157G']
