name,rmsd,mut
P00720_1l34_7bb7f_unrelaxed_rank_1_model_4.pdb,0.5831512671247866,['R96H']
P00720_1l34_7bb7f_unrelaxed_rank_2_model_5.pdb,0.6452003146865793,['R96H']
P00720_1l34_7bb7f_unrelaxed_rank_3_model_2.pdb,0.3721095834329765,['R96H']
P00720_1l34_7bb7f_unrelaxed_rank_4_model_3.pdb,0.6812336777513986,['R96H']
P00720_1l34_7bb7f_unrelaxed_rank_5_model_1.pdb,0.41438316604481357,['R96H']
