name,rmsd,mut
P00720_1l20_230f6_unrelaxed_rank_1_model_4.pdb,0.5600439617660473,['N144D']
P00720_1l20_230f6_unrelaxed_rank_2_model_5.pdb,0.6645926315647485,['N144D']
P00720_1l20_230f6_unrelaxed_rank_3_model_2.pdb,0.3964909296207645,['N144D']
P00720_1l20_230f6_unrelaxed_rank_4_model_3.pdb,0.830505676277271,['N144D']
P00720_1l20_230f6_unrelaxed_rank_5_model_1.pdb,0.4546017299959634,['N144D']
