name,rmsd,mut
P00720_1l03_82680_unrelaxed_rank_1_model_5.pdb,0.6775223635606148,['T157C']
P00720_1l03_82680_unrelaxed_rank_2_model_4.pdb,0.5716148804945096,['T157C']
P00720_1l03_82680_unrelaxed_rank_3_model_2.pdb,0.36428061627833197,['T157C']
P00720_1l03_82680_unrelaxed_rank_4_model_3.pdb,0.7070817999623659,['T157C']
P00720_1l03_82680_unrelaxed_rank_5_model_1.pdb,0.49483774341953324,['T157C']
