name,rmsd,mut
P00720_1l06_e8c17_unrelaxed_rank_1_model_4.pdb,0.624935277935017,['T157E']
P00720_1l06_e8c17_unrelaxed_rank_2_model_5.pdb,0.7003738018067198,['T157E']
P00720_1l06_e8c17_unrelaxed_rank_3_model_2.pdb,0.3675583850478745,['T157E']
P00720_1l06_e8c17_unrelaxed_rank_4_model_3.pdb,0.49778943978462603,['T157E']
P00720_1l06_e8c17_unrelaxed_rank_5_model_1.pdb,0.3688372075989488,['T157E']
