name,rmsd,mut
P00720_1l15_b22a4_unrelaxed_rank_1_model_5.pdb,0.6752539472359671,['T157V']
P00720_1l15_b22a4_unrelaxed_rank_2_model_4.pdb,0.614211685282958,['T157V']
P00720_1l15_b22a4_unrelaxed_rank_3_model_2.pdb,0.3551628457999254,['T157V']
P00720_1l15_b22a4_unrelaxed_rank_4_model_3.pdb,0.6809370623366912,['T157V']
P00720_1l15_b22a4_unrelaxed_rank_5_model_1.pdb,0.5285990339471233,['T157V']
