name,rmsd,mut
P00720_1l98_79afb_unrelaxed_rank_1_model_5.pdb,0.6666576586907698,['Q105E']
P00720_1l98_79afb_unrelaxed_rank_2_model_4.pdb,0.5782155754994794,['Q105E']
P00720_1l98_79afb_unrelaxed_rank_3_model_2.pdb,0.4513686596665608,['Q105E']
P00720_1l98_79afb_unrelaxed_rank_4_model_3.pdb,0.585322503964099,['Q105E']
P00720_1l98_79afb_unrelaxed_rank_5_model_1.pdb,0.48261854034793256,['Q105E']
