name,rmsd,mut
P00720_1l30_ebc83_unrelaxed_rank_1_model_4.pdb,0.6263115964240623,['P86L']
P00720_1l30_ebc83_unrelaxed_rank_2_model_5.pdb,0.6343815915271028,['P86L']
P00720_1l30_ebc83_unrelaxed_rank_3_model_2.pdb,0.36601976820594656,['P86L']
P00720_1l30_ebc83_unrelaxed_rank_4_model_3.pdb,0.7324147021783718,['P86L']
P00720_1l30_ebc83_unrelaxed_rank_5_model_1.pdb,0.38543841907241805,['P86L']
