name,rmsd,mut
P00720_1l24_25c17_unrelaxed_rank_1_model_4.pdb,0.6054063305921514,['A82P']
P00720_1l24_25c17_unrelaxed_rank_2_model_5.pdb,0.6701512933614727,['A82P']
P00720_1l24_25c17_unrelaxed_rank_3_model_2.pdb,0.47855276652360323,['A82P']
P00720_1l24_25c17_unrelaxed_rank_4_model_3.pdb,0.6804165182548146,['A82P']
P00720_1l24_25c17_unrelaxed_rank_5_model_1.pdb,0.5366006372396698,['A82P']
