name,rmsd,mut
P00720_1l31_4f90c_unrelaxed_rank_1_model_5.pdb,0.6676288612861156,['P86R']
P00720_1l31_4f90c_unrelaxed_rank_2_model_4.pdb,0.6225675240230079,['P86R']
P00720_1l31_4f90c_unrelaxed_rank_3_model_2.pdb,0.38843832057867533,['P86R']
P00720_1l31_4f90c_unrelaxed_rank_4_model_3.pdb,0.7691961904962383,['P86R']
P00720_1l31_4f90c_unrelaxed_rank_5_model_1.pdb,0.41196028453554767,['P86R']
