name,rmsd,mut
P00720_1l02_1a6d8_unrelaxed_rank_1_model_5.pdb,0.7137205022713836,['T157A']
P00720_1l02_1a6d8_unrelaxed_rank_2_model_4.pdb,0.6143150019733072,['T157A']
P00720_1l02_1a6d8_unrelaxed_rank_3_model_2.pdb,0.4542273773809473,['T157A']
P00720_1l02_1a6d8_unrelaxed_rank_4_model_3.pdb,0.8536600646843826,['T157A']
P00720_1l02_1a6d8_unrelaxed_rank_5_model_1.pdb,0.3968972725511971,['T157A']
