name,rmsd,mut
P00720_1l52_48c8f_unrelaxed_rank_1_model_5.pdb,0.7007003919620816,['T152S']
P00720_1l52_48c8f_unrelaxed_rank_2_model_4.pdb,0.630006296124725,['T152S']
P00720_1l52_48c8f_unrelaxed_rank_3_model_2.pdb,0.378958831078353,['T152S']
P00720_1l52_48c8f_unrelaxed_rank_4_model_3.pdb,0.6644774978644109,['T152S']
P00720_1l52_48c8f_unrelaxed_rank_5_model_1.pdb,0.5521247955650268,['T152S']
