name,rmsd,mut
P00720_1dyc_758d8_unrelaxed_rank_1_model_5.pdb,0.5643186523000115,['V131I']
P00720_1dyc_758d8_unrelaxed_rank_2_model_4.pdb,0.4794886060080946,['V131I']
P00720_1dyc_758d8_unrelaxed_rank_3_model_2.pdb,0.43829213920799615,['V131I']
P00720_1dyc_758d8_unrelaxed_rank_4_model_3.pdb,0.8114203060850346,['V131I']
P00720_1dyc_758d8_unrelaxed_rank_5_model_1.pdb,0.5310464736711129,['V131I']
