name,rmsd,mut
P00720_1l44_d7882_unrelaxed_rank_1_model_5.pdb,0.5598622336915218,['R119E']
P00720_1l44_d7882_unrelaxed_rank_2_model_4.pdb,0.46919388830905745,['R119E']
P00720_1l44_d7882_unrelaxed_rank_3_model_2.pdb,0.4401457613418815,['R119E']
P00720_1l44_d7882_unrelaxed_rank_4_model_3.pdb,0.8266905104426,['R119E']
P00720_1l44_d7882_unrelaxed_rank_5_model_1.pdb,0.5453132475350213,['R119E']
