name,rmsd,mut
P00720_1l11_d2a72_unrelaxed_rank_1_model_5.pdb,0.5710022718628621,['T157L']
P00720_1l11_d2a72_unrelaxed_rank_2_model_4.pdb,0.4872675353697601,['T157L']
P00720_1l11_d2a72_unrelaxed_rank_3_model_2.pdb,0.4426459667018841,['T157L']
P00720_1l11_d2a72_unrelaxed_rank_4_model_3.pdb,0.8819757034083077,['T157L']
P00720_1l11_d2a72_unrelaxed_rank_5_model_1.pdb,0.6263144877286316,['T157L']
