name,rmsd,mut
P00720_1l33_bd093_unrelaxed_rank_1_model_5.pdb,0.5544892930304763,['V131A']
P00720_1l33_bd093_unrelaxed_rank_2_model_4.pdb,0.4715839315934208,['V131A']
P00720_1l33_bd093_unrelaxed_rank_3_model_2.pdb,0.44014290286782864,['V131A']
P00720_1l33_bd093_unrelaxed_rank_4_model_1.pdb,0.6271867494114388,['V131A']
P00720_1l33_bd093_unrelaxed_rank_5_model_3.pdb,0.8078749886504214,['V131A']
