name,rmsd,mut
P00720_1l98_79afb_unrelaxed_rank_1_model_5.pdb,0.5531991367693768,['Q105E']
P00720_1l98_79afb_unrelaxed_rank_2_model_4.pdb,0.4749003771975574,['Q105E']
P00720_1l98_79afb_unrelaxed_rank_3_model_2.pdb,0.4396416822837678,['Q105E']
P00720_1l98_79afb_unrelaxed_rank_4_model_3.pdb,0.727474961577822,['Q105E']
P00720_1l98_79afb_unrelaxed_rank_5_model_1.pdb,0.5969238681602266,['Q105E']
