name,rmsd,mut
P00720_1l10_e37a6_unrelaxed_rank_1_model_5.pdb,0.5520621589871725,['T157I']
P00720_1l10_e37a6_unrelaxed_rank_2_model_4.pdb,0.4892139229393444,['T157I']
P00720_1l10_e37a6_unrelaxed_rank_3_model_2.pdb,0.4378196651085783,['T157I']
P00720_1l10_e37a6_unrelaxed_rank_4_model_3.pdb,0.6348249163129837,['T157I']
P00720_1l10_e37a6_unrelaxed_rank_5_model_1.pdb,0.6035343769179116,['T157I']
