name,rmsd,mut
P00720_1l00_61b06_unrelaxed_rank_1_model_5.pdb,0.5525346017503661,['Q105A']
P00720_1l00_61b06_unrelaxed_rank_2_model_4.pdb,0.4836724578684093,['Q105A']
P00720_1l00_61b06_unrelaxed_rank_3_model_2.pdb,0.4588400493599216,['Q105A']
P00720_1l00_61b06_unrelaxed_rank_4_model_3.pdb,0.6948721371235601,['Q105A']
P00720_1l00_61b06_unrelaxed_rank_5_model_1.pdb,0.584251250369048,['Q105A']
