name,rmsd,mut
P00720_1l52_48c8f_unrelaxed_rank_1_model_5.pdb,0.5847889486854653,['T152S']
P00720_1l52_48c8f_unrelaxed_rank_2_model_4.pdb,0.5016404897034415,['T152S']
P00720_1l52_48c8f_unrelaxed_rank_3_model_2.pdb,0.4567958767638108,['T152S']
P00720_1l52_48c8f_unrelaxed_rank_4_model_3.pdb,0.8649835702738495,['T152S']
P00720_1l52_48c8f_unrelaxed_rank_5_model_1.pdb,0.6592718828669877,['T152S']
