name,rmsd,mut
P00720_1l24_25c17_unrelaxed_rank_1_model_4.pdb,0.47683966055461313,['A82P']
P00720_1l24_25c17_unrelaxed_rank_2_model_5.pdb,0.5550311817786144,['A82P']
P00720_1l24_25c17_unrelaxed_rank_3_model_2.pdb,0.4302220289909364,['A82P']
P00720_1l24_25c17_unrelaxed_rank_4_model_3.pdb,0.82285415023772,['A82P']
P00720_1l24_25c17_unrelaxed_rank_5_model_1.pdb,0.6550680705606715,['A82P']
