name,rmsd,mut
P00720_1l21_683e5_unrelaxed_rank_1_model_4.pdb,0.46257883272875905,['N55G']
P00720_1l21_683e5_unrelaxed_rank_2_model_5.pdb,0.5499926967120516,['N55G']
P00720_1l21_683e5_unrelaxed_rank_3_model_2.pdb,0.43299873672505945,['N55G']
P00720_1l21_683e5_unrelaxed_rank_4_model_3.pdb,0.8780184579519279,['N55G']
P00720_1l21_683e5_unrelaxed_rank_5_model_1.pdb,0.6494831536488572,['N55G']
