name,rmsd,mut
P00720_1l14_eb277_unrelaxed_rank_1_model_5.pdb,0.5802266340430741,['T157S']
P00720_1l14_eb277_unrelaxed_rank_2_model_4.pdb,0.48518150832833934,['T157S']
P00720_1l14_eb277_unrelaxed_rank_3_model_2.pdb,0.45178834615893,['T157S']
P00720_1l14_eb277_unrelaxed_rank_4_model_3.pdb,0.8781660149048227,['T157S']
P00720_1l14_eb277_unrelaxed_rank_5_model_1.pdb,0.6817452562979883,['T157S']
