name,rmsd,mut
P00720_1l13_b411e_unrelaxed_rank_1_model_5.pdb,0.5732655645816115,['T157R']
P00720_1l13_b411e_unrelaxed_rank_2_model_4.pdb,0.48221043071728514,['T157R']
P00720_1l13_b411e_unrelaxed_rank_3_model_2.pdb,0.4413089238169736,['T157R']
P00720_1l13_b411e_unrelaxed_rank_4_model_3.pdb,0.7236203276809423,['T157R']
P00720_1l13_b411e_unrelaxed_rank_5_model_1.pdb,0.6396308261140201,['T157R']
