name,rmsd,mut
P00720_1l58_3d612_unrelaxed_rank_1_model_4.pdb,0.49455969482224466,['P143A']
P00720_1l58_3d612_unrelaxed_rank_2_model_5.pdb,0.5782197424187648,['P143A']
P00720_1l58_3d612_unrelaxed_rank_3_model_2.pdb,0.4383366286327494,['P143A']
P00720_1l58_3d612_unrelaxed_rank_4_model_3.pdb,0.6989831114307822,['P143A']
P00720_1l58_3d612_unrelaxed_rank_5_model_1.pdb,0.6221832580271093,['P143A']
