name,rmsd,mut
P00720_1l57_44c91_unrelaxed_rank_1_model_5.pdb,0.5599929380610331,['N116D']
P00720_1l57_44c91_unrelaxed_rank_2_model_4.pdb,0.4984037189936656,['N116D']
P00720_1l57_44c91_unrelaxed_rank_3_model_2.pdb,0.44165583068395786,['N116D']
P00720_1l57_44c91_unrelaxed_rank_4_model_3.pdb,0.8359728336475282,['N116D']
P00720_1l57_44c91_unrelaxed_rank_5_model_1.pdb,0.6523188401277883,['N116D']
