name,rmsd,mut
P00720_1l69_4cd51_unrelaxed_rank_1_model_5.pdb,0.5802439996753235,['L133A']
P00720_1l69_4cd51_unrelaxed_rank_2_model_4.pdb,0.4732706030256686,['L133A']
P00720_1l69_4cd51_unrelaxed_rank_3_model_2.pdb,0.42663479726987946,['L133A']
P00720_1l69_4cd51_unrelaxed_rank_4_model_3.pdb,0.840182821260322,['L133A']
P00720_1l69_4cd51_unrelaxed_rank_5_model_1.pdb,0.585298637944766,['L133A']
