name,rmsd,mut
P00720_1l03_82680_unrelaxed_rank_1_model_5.pdb,0.5751685153867773,['T157C']
P00720_1l03_82680_unrelaxed_rank_2_model_4.pdb,0.46646995699712634,['T157C']
P00720_1l03_82680_unrelaxed_rank_3_model_2.pdb,0.4370857132972878,['T157C']
P00720_1l03_82680_unrelaxed_rank_4_model_3.pdb,0.8957085473723273,['T157C']
P00720_1l03_82680_unrelaxed_rank_5_model_1.pdb,0.6680884323118762,['T157C']
