name,rmsd,mut
P00720_1l28_86283_unrelaxed_rank_1_model_5.pdb,0.5947896853873429,['P86G']
P00720_1l28_86283_unrelaxed_rank_2_model_4.pdb,0.4868978351179193,['P86G']
P00720_1l28_86283_unrelaxed_rank_3_model_2.pdb,0.4577504831347265,['P86G']
P00720_1l28_86283_unrelaxed_rank_4_model_3.pdb,0.7965920523797962,['P86G']
P00720_1l28_86283_unrelaxed_rank_5_model_1.pdb,0.6116962178010623,['P86G']
