name,rmsd,mut
P00720_1l30_ebc83_unrelaxed_rank_1_model_4.pdb,0.4959168177191452,['P86L']
P00720_1l30_ebc83_unrelaxed_rank_2_model_5.pdb,0.5703117915637015,['P86L']
P00720_1l30_ebc83_unrelaxed_rank_3_model_2.pdb,0.46405228502670604,['P86L']
P00720_1l30_ebc83_unrelaxed_rank_4_model_3.pdb,0.8211577719615624,['P86L']
P00720_1l30_ebc83_unrelaxed_rank_5_model_1.pdb,0.549400801283042,['P86L']
