name,rmsd,mut
P00720_1l22_a4332_unrelaxed_rank_1_model_5.pdb,0.5635926338180419,['K124G']
P00720_1l22_a4332_unrelaxed_rank_2_model_4.pdb,0.4770806627014118,['K124G']
P00720_1l22_a4332_unrelaxed_rank_3_model_2.pdb,0.42974783779029263,['K124G']
P00720_1l22_a4332_unrelaxed_rank_4_model_3.pdb,0.832518962772823,['K124G']
P00720_1l22_a4332_unrelaxed_rank_5_model_1.pdb,0.5520728325778214,['K124G']
