name,rmsd,mut
P00720_1l47_2ece2_unrelaxed_rank_1_model_5.pdb,0.5533825034116988,['R154E']
P00720_1l47_2ece2_unrelaxed_rank_2_model_4.pdb,0.48420582904625703,['R154E']
P00720_1l47_2ece2_unrelaxed_rank_3_model_2.pdb,0.447656047283574,['R154E']
P00720_1l47_2ece2_unrelaxed_rank_4_model_3.pdb,0.7395356193043101,['R154E']
P00720_1l47_2ece2_unrelaxed_rank_5_model_1.pdb,0.5524921032841432,['R154E']
