name,rmsd,mut
P00720_1l27_4d829_unrelaxed_rank_1_model_5.pdb,0.566615837726881,['P86D']
P00720_1l27_4d829_unrelaxed_rank_2_model_4.pdb,0.5031238463838879,['P86D']
P00720_1l27_4d829_unrelaxed_rank_3_model_2.pdb,0.45254422806798056,['P86D']
P00720_1l27_4d829_unrelaxed_rank_4_model_3.pdb,0.9520510224680777,['P86D']
P00720_1l27_4d829_unrelaxed_rank_5_model_1.pdb,0.5994405457114889,['P86D']
