name,rmsd,mut
P00720_1l05_30f86_unrelaxed_rank_1_model_5.pdb,0.5567151692417428,['T157D']
P00720_1l05_30f86_unrelaxed_rank_2_model_4.pdb,0.49942910338953156,['T157D']
P00720_1l05_30f86_unrelaxed_rank_3_model_2.pdb,0.4278703664720574,['T157D']
P00720_1l05_30f86_unrelaxed_rank_4_model_3.pdb,0.9208497793975682,['T157D']
P00720_1l05_30f86_unrelaxed_rank_5_model_1.pdb,0.6749850179668547,['T157D']
