name,rmsd,mut
P00720_1l19_e6a8b_unrelaxed_rank_1_model_5.pdb,0.5723553825488934,['S38D']
P00720_1l19_e6a8b_unrelaxed_rank_2_model_4.pdb,0.47800191243323903,['S38D']
P00720_1l19_e6a8b_unrelaxed_rank_3_model_2.pdb,0.44892041183424,['S38D']
P00720_1l19_e6a8b_unrelaxed_rank_4_model_3.pdb,0.7391212119656858,['S38D']
P00720_1l19_e6a8b_unrelaxed_rank_5_model_1.pdb,0.595284552425533,['S38D']
