name,rmsd,mut
P00720_1dyd_f1332_unrelaxed_rank_1_model_4.pdb,0.4875817317062003,['V131L']
P00720_1dyd_f1332_unrelaxed_rank_2_model_2.pdb,0.44996551366808213,['V131L']
P00720_1dyd_f1332_unrelaxed_rank_3_model_5.pdb,0.5538633643084255,['V131L']
P00720_1dyd_f1332_unrelaxed_rank_4_model_3.pdb,0.8663061322392901,['V131L']
P00720_1dyd_f1332_unrelaxed_rank_5_model_1.pdb,0.6427099955115463,['V131L']
