name,rmsd,mut
P00720_1l26_a30a0_unrelaxed_rank_1_model_4.pdb,0.5107620318017175,['P86C']
P00720_1l26_a30a0_unrelaxed_rank_2_model_5.pdb,0.5750812000476249,['P86C']
P00720_1l26_a30a0_unrelaxed_rank_3_model_2.pdb,0.44774723132908506,['P86C']
P00720_1l26_a30a0_unrelaxed_rank_4_model_3.pdb,0.8597806517707371,['P86C']
P00720_1l26_a30a0_unrelaxed_rank_5_model_1.pdb,0.5916094729586449,['P86C']
