name,rmsd,mut
P00720_1l46_8411c_unrelaxed_rank_1_model_5.pdb,0.5802054928813863,['K147E']
P00720_1l46_8411c_unrelaxed_rank_2_model_4.pdb,0.4671942518421779,['K147E']
P00720_1l46_8411c_unrelaxed_rank_3_model_2.pdb,0.43861899968257434,['K147E']
P00720_1l46_8411c_unrelaxed_rank_4_model_3.pdb,0.7429503381342819,['K147E']
P00720_1l46_8411c_unrelaxed_rank_5_model_1.pdb,0.555032820422276,['K147E']
