name,rmsd,mut
P00720_1l31_4f90c_unrelaxed_rank_1_model_5.pdb,0.5733787408896274,['P86R']
P00720_1l31_4f90c_unrelaxed_rank_2_model_4.pdb,0.5003237220466307,['P86R']
P00720_1l31_4f90c_unrelaxed_rank_3_model_2.pdb,0.44287964498165683,['P86R']
P00720_1l31_4f90c_unrelaxed_rank_4_model_3.pdb,0.8523856616968055,['P86R']
P00720_1l31_4f90c_unrelaxed_rank_5_model_1.pdb,0.54168591012418,['P86R']
