name,rmsd,mut
P00720_1l09_3871c_unrelaxed_rank_1_model_5.pdb,0.5724690690249007,['T157H']
P00720_1l09_3871c_unrelaxed_rank_2_model_4.pdb,0.473959113101034,['T157H']
P00720_1l09_3871c_unrelaxed_rank_3_model_2.pdb,0.44973133079292954,['T157H']
P00720_1l09_3871c_unrelaxed_rank_4_model_3.pdb,0.7444941255296589,['T157H']
P00720_1l09_3871c_unrelaxed_rank_5_model_1.pdb,0.5702555787073867,['T157H']
