name,rmsd,mut
P00720_1l06_e8c17_unrelaxed_rank_1_model_4.pdb,0.49632821389194715,['T157E']
P00720_1l06_e8c17_unrelaxed_rank_2_model_5.pdb,0.571715144847722,['T157E']
P00720_1l06_e8c17_unrelaxed_rank_3_model_2.pdb,0.44406094296253307,['T157E']
P00720_1l06_e8c17_unrelaxed_rank_4_model_3.pdb,0.7389661618547727,['T157E']
P00720_1l06_e8c17_unrelaxed_rank_5_model_1.pdb,0.5617388490467776,['T157E']
