name,rmsd,mut
P00720_1l20_230f6_unrelaxed_rank_1_model_4.pdb,0.4647756636440158,['N144D']
P00720_1l20_230f6_unrelaxed_rank_2_model_5.pdb,0.5826005758771509,['N144D']
P00720_1l20_230f6_unrelaxed_rank_3_model_2.pdb,0.4385082256986784,['N144D']
P00720_1l20_230f6_unrelaxed_rank_4_model_3.pdb,0.9588796350125011,['N144D']
P00720_1l20_230f6_unrelaxed_rank_5_model_1.pdb,0.5826526100177499,['N144D']
