name,rmsd,mut
P00720_1l07_87220_unrelaxed_rank_1_model_4.pdb,0.4678510200943197,['T157F']
P00720_1l07_87220_unrelaxed_rank_2_model_5.pdb,0.5596435488223064,['T157F']
P00720_1l07_87220_unrelaxed_rank_3_model_2.pdb,0.445001503849207,['T157F']
P00720_1l07_87220_unrelaxed_rank_4_model_3.pdb,0.7729037277427004,['T157F']
P00720_1l07_87220_unrelaxed_rank_5_model_1.pdb,0.656680588967635,['T157F']
