name,rmsd,mut
P00720_1l02_1a6d8_unrelaxed_rank_1_model_5.pdb,0.5840083529934584,['T157A']
P00720_1l02_1a6d8_unrelaxed_rank_2_model_4.pdb,0.4881019876104708,['T157A']
P00720_1l02_1a6d8_unrelaxed_rank_3_model_2.pdb,0.4446099297390037,['T157A']
P00720_1l02_1a6d8_unrelaxed_rank_4_model_3.pdb,0.9649113529798049,['T157A']
P00720_1l02_1a6d8_unrelaxed_rank_5_model_1.pdb,0.5359736851154583,['T157A']
