name,rmsd,mut
P00720_1l38_a471e_unrelaxed_rank_1_model_4.pdb,0.47606900550348713,['Q123E']
P00720_1l38_a471e_unrelaxed_rank_2_model_5.pdb,0.5573694347615555,['Q123E']
P00720_1l38_a471e_unrelaxed_rank_3_model_2.pdb,0.430639650819769,['Q123E']
P00720_1l38_a471e_unrelaxed_rank_4_model_3.pdb,0.768066253433334,['Q123E']
P00720_1l38_a471e_unrelaxed_rank_5_model_1.pdb,0.6452239879245143,['Q123E']
