name,rmsd,mut
P00720_1l37_86905_unrelaxed_rank_1_model_4.pdb,0.46695248097262637,['T115E']
P00720_1l37_86905_unrelaxed_rank_2_model_5.pdb,0.5641977951319121,['T115E']
P00720_1l37_86905_unrelaxed_rank_3_model_2.pdb,0.4376294402365675,['T115E']
P00720_1l37_86905_unrelaxed_rank_4_model_3.pdb,0.8830896730836131,['T115E']
P00720_1l37_86905_unrelaxed_rank_5_model_1.pdb,0.6216694471220829,['T115E']
