name,rmsd,mut
P00720_1l45_c2b96_unrelaxed_rank_1_model_4.pdb,0.4745290093608338,['K135E']
P00720_1l45_c2b96_unrelaxed_rank_2_model_5.pdb,0.5584989201155973,['K135E']
P00720_1l45_c2b96_unrelaxed_rank_3_model_2.pdb,0.433282130231343,['K135E']
P00720_1l45_c2b96_unrelaxed_rank_4_model_3.pdb,0.9289394215315724,['K135E']
P00720_1l45_c2b96_unrelaxed_rank_5_model_1.pdb,0.6029741273931714,['K135E']
