name,rmsd,mut
P00720_1l34_7bb7f_unrelaxed_rank_1_model_4.pdb,0.46708838619597404,['R96H']
P00720_1l34_7bb7f_unrelaxed_rank_2_model_5.pdb,0.5590180055773146,['R96H']
P00720_1l34_7bb7f_unrelaxed_rank_3_model_2.pdb,0.4250008525815886,['R96H']
P00720_1l34_7bb7f_unrelaxed_rank_4_model_3.pdb,0.8217558374547187,['R96H']
P00720_1l34_7bb7f_unrelaxed_rank_5_model_1.pdb,0.5687123239874685,['R96H']
