name,rmsd,mut
P00720_1l53_02c2a_unrelaxed_rank_1_model_5.pdb,0.5466705898957228,['V149C']
P00720_1l53_02c2a_unrelaxed_rank_2_model_4.pdb,0.4781204515412939,['V149C']
P00720_1l53_02c2a_unrelaxed_rank_3_model_2.pdb,0.43907677004439255,['V149C']
P00720_1l53_02c2a_unrelaxed_rank_4_model_3.pdb,0.9228559117434486,['V149C']
P00720_1l53_02c2a_unrelaxed_rank_5_model_1.pdb,0.5719001758871434,['V149C']
