name,rmsd,mut
P00720_1dyf_0067a_unrelaxed_rank_1_model_5.pdb,0.553576361530598,['V131M']
P00720_1dyf_0067a_unrelaxed_rank_2_model_4.pdb,0.47177114712191204,['V131M']
P00720_1dyf_0067a_unrelaxed_rank_3_model_2.pdb,0.43357055277545054,['V131M']
P00720_1dyf_0067a_unrelaxed_rank_4_model_3.pdb,0.8091581821817555,['V131M']
P00720_1dyf_0067a_unrelaxed_rank_5_model_1.pdb,0.661265773634119,['V131M']
