name,rmsd,mut
P00720_1l99_16304_unrelaxed_rank_1_model_4.pdb,0.5231129316407427,['Q105G']
P00720_1l99_16304_unrelaxed_rank_2_model_5.pdb,0.5669012051602477,['Q105G']
P00720_1l99_16304_unrelaxed_rank_3_model_2.pdb,0.5168910730301759,['Q105G']
P00720_1l99_16304_unrelaxed_rank_4_model_3.pdb,0.812625421361528,['Q105G']
P00720_1l99_16304_unrelaxed_rank_5_model_1.pdb,0.5448405714178225,['Q105G']
