name,rmsd,mut
P00720_1l25_9d1f8_unrelaxed_rank_1_model_4.pdb,0.508473739550795,['P86A']
P00720_1l25_9d1f8_unrelaxed_rank_2_model_5.pdb,0.5767304244070366,['P86A']
P00720_1l25_9d1f8_unrelaxed_rank_3_model_2.pdb,0.46049841190950663,['P86A']
P00720_1l25_9d1f8_unrelaxed_rank_4_model_3.pdb,0.8095978619194188,['P86A']
P00720_1l25_9d1f8_unrelaxed_rank_5_model_1.pdb,0.5935441474577183,['P86A']
