name,rmsd,mut
P00720_1l29_0b649_unrelaxed_rank_1_model_4.pdb,0.485327375270928,['P86H']
P00720_1l29_0b649_unrelaxed_rank_2_model_5.pdb,0.5615213014291429,['P86H']
P00720_1l29_0b649_unrelaxed_rank_3_model_2.pdb,0.4475340026608382,['P86H']
P00720_1l29_0b649_unrelaxed_rank_4_model_3.pdb,0.8728376370274138,['P86H']
P00720_1l29_0b649_unrelaxed_rank_5_model_1.pdb,0.6415616750208208,['P86H']
