name,rmsd,mut
P00720_1l60_c7f5b_unrelaxed_rank_1_model_4.pdb,0.4758786756245416,['G113A']
P00720_1l60_c7f5b_unrelaxed_rank_2_model_5.pdb,0.5525857710263138,['G113A']
P00720_1l60_c7f5b_unrelaxed_rank_3_model_2.pdb,0.4603125572505883,['G113A']
P00720_1l60_c7f5b_unrelaxed_rank_4_model_3.pdb,0.7890755467007501,['G113A']
P00720_1l60_c7f5b_unrelaxed_rank_5_model_1.pdb,0.7217061560985046,['G113A']
