name,rmsd,mut
P00720_1l48_b0f67_unrelaxed_rank_1_model_4.pdb,0.49798304430432366,['A98V']
P00720_1l48_b0f67_unrelaxed_rank_2_model_5.pdb,0.5584487513734503,['A98V']
P00720_1l48_b0f67_unrelaxed_rank_3_model_2.pdb,0.43669511376063397,['A98V']
P00720_1l48_b0f67_unrelaxed_rank_4_model_3.pdb,0.815453191794858,['A98V']
P00720_1l48_b0f67_unrelaxed_rank_5_model_1.pdb,0.5472716605064589,['A98V']
