name,rmsd,mut
P00720_1l12_c181c_unrelaxed_rank_1_model_5.pdb,0.5592627921745157,['T157N']
P00720_1l12_c181c_unrelaxed_rank_2_model_4.pdb,0.4697249018777942,['T157N']
P00720_1l12_c181c_unrelaxed_rank_3_model_2.pdb,0.4362858191191449,['T157N']
P00720_1l12_c181c_unrelaxed_rank_4_model_3.pdb,0.8749190853131676,['T157N']
P00720_1l12_c181c_unrelaxed_rank_5_model_1.pdb,0.5504875437011851,['T157N']
