name,rmsd,mut
P61626_2hea_07ef1_unrelaxed_rank_1_model_5.pdb,0.16139025140457386,['I106A']
P61626_2hea_07ef1_unrelaxed_rank_2_model_4.pdb,0.18132843203632462,['I106A']
P61626_2hea_07ef1_unrelaxed_rank_3_model_3.pdb,0.1860867058919117,['I106A']
P61626_2hea_07ef1_unrelaxed_rank_4_model_2.pdb,0.19168487272801657,['I106A']
P61626_2hea_07ef1_unrelaxed_rank_5_model_1.pdb,0.16345917563225779,['I106A']
