name,rmsd,mut
P61626_1yam_5865b_unrelaxed_rank_1_model_5.pdb,0.17053596810481506,['I106V']
P61626_1yam_5865b_unrelaxed_rank_2_model_3.pdb,0.17574525733197693,['I106V']
P61626_1yam_5865b_unrelaxed_rank_3_model_4.pdb,0.18283711618504045,['I106V']
P61626_1yam_5865b_unrelaxed_rank_4_model_2.pdb,0.17849717414649033,['I106V']
P61626_1yam_5865b_unrelaxed_rank_5_model_1.pdb,0.1622782241409364,['I106V']
