name,rmsd,mut
P61626_1gbz_8966e_unrelaxed_rank_1_model_5.pdb,0.15711540801279594,['V110F']
P61626_1gbz_8966e_unrelaxed_rank_2_model_3.pdb,0.16742089479883368,['V110F']
P61626_1gbz_8966e_unrelaxed_rank_3_model_4.pdb,0.17551373448454374,['V110F']
P61626_1gbz_8966e_unrelaxed_rank_4_model_2.pdb,0.16059640358218583,['V110F']
P61626_1gbz_8966e_unrelaxed_rank_5_model_1.pdb,0.15192007177975905,['V110F']
