name,rmsd,mut
P61626_1wqo_80e15_unrelaxed_rank_1_model_5.pdb,0.16891726267679363,['Y38F']
P61626_1wqo_80e15_unrelaxed_rank_2_model_3.pdb,0.16822679269916088,['Y38F']
P61626_1wqo_80e15_unrelaxed_rank_3_model_4.pdb,0.1840717354977713,['Y38F']
P61626_1wqo_80e15_unrelaxed_rank_4_model_2.pdb,0.18329723302744388,['Y38F']
P61626_1wqo_80e15_unrelaxed_rank_5_model_1.pdb,0.1550093783531918,['Y38F']
