name,rmsd,mut
P61626_1gfv_135dd_unrelaxed_rank_1_model_5.pdb,0.16751369354664353,['V110N']
P61626_1gfv_135dd_unrelaxed_rank_2_model_3.pdb,0.1698748145107405,['V110N']
P61626_1gfv_135dd_unrelaxed_rank_3_model_4.pdb,0.1758983317957024,['V110N']
P61626_1gfv_135dd_unrelaxed_rank_4_model_2.pdb,0.16818202466022167,['V110N']
P61626_1gfv_135dd_unrelaxed_rank_5_model_1.pdb,0.15354134323476848,['V110N']
