name,rmsd,mut
P00720_2hee_65a71_unrelaxed_rank_1_model_5.pdb,0.180808851255694,['I59G']
P00720_2hee_65a71_unrelaxed_rank_2_model_3.pdb,0.17358076192556246,['I59G']
P00720_2hee_65a71_unrelaxed_rank_3_model_4.pdb,0.18489722803886316,['I59G']
P00720_2hee_65a71_unrelaxed_rank_4_model_2.pdb,0.18759489713722052,['I59G']
P00720_2hee_65a71_unrelaxed_rank_5_model_1.pdb,0.18465270377379095,['I59G']
