name,rmsd,mut
P61626_1gbw_c9d43_unrelaxed_rank_1_model_5.pdb,0.1645587724441469,['V110I']
P61626_1gbw_c9d43_unrelaxed_rank_2_model_3.pdb,0.1672206677874092,['V110I']
P61626_1gbw_c9d43_unrelaxed_rank_3_model_4.pdb,0.18119606326365925,['V110I']
P61626_1gbw_c9d43_unrelaxed_rank_4_model_2.pdb,0.17370324977293564,['V110I']
P61626_1gbw_c9d43_unrelaxed_rank_5_model_1.pdb,0.16118642163994415,['V110I']
