name,rmsd,mut
P61626_1oud_5e5e7_unrelaxed_rank_1_model_5.pdb,0.16457549761795237,['V121A']
P61626_1oud_5e5e7_unrelaxed_rank_2_model_3.pdb,0.17387318326070988,['V121A']
P61626_1oud_5e5e7_unrelaxed_rank_3_model_4.pdb,0.18127707810184926,['V121A']
P61626_1oud_5e5e7_unrelaxed_rank_4_model_2.pdb,0.1677357282592516,['V121A']
P61626_1oud_5e5e7_unrelaxed_rank_5_model_1.pdb,0.1594565816666165,['V121A']
