name,rmsd,mut
P61626_2hea_07ef1_unrelaxed_rank_1_model_5.pdb,0.1826603304640611,['I106A']
P61626_2hea_07ef1_unrelaxed_rank_2_model_4.pdb,0.25192743004196655,['I106A']
P61626_2hea_07ef1_unrelaxed_rank_3_model_3.pdb,0.23797850544332597,['I106A']
P61626_2hea_07ef1_unrelaxed_rank_4_model_2.pdb,0.17192044407946028,['I106A']
P61626_2hea_07ef1_unrelaxed_rank_5_model_1.pdb,0.17982496326949152,['I106A']
