name,rmsd,mut
P61626_1gbw_c9d43_unrelaxed_rank_1_model_5.pdb,0.16355090660578844,['V110I']
P61626_1gbw_c9d43_unrelaxed_rank_2_model_3.pdb,0.16444277364128934,['V110I']
P61626_1gbw_c9d43_unrelaxed_rank_3_model_4.pdb,0.17262331603046596,['V110I']
P61626_1gbw_c9d43_unrelaxed_rank_4_model_2.pdb,0.16858667837094957,['V110I']
P61626_1gbw_c9d43_unrelaxed_rank_5_model_1.pdb,0.15419292846373012,['V110I']
