name,rmsd,mut
P61626_1gb8_29aa4_unrelaxed_rank_1_model_5.pdb,0.15949541586604932,['V74M']
P61626_1gb8_29aa4_unrelaxed_rank_2_model_3.pdb,0.16870297254729066,['V74M']
P61626_1gb8_29aa4_unrelaxed_rank_3_model_4.pdb,0.17602602436890571,['V74M']
P61626_1gb8_29aa4_unrelaxed_rank_4_model_2.pdb,0.17807107354941656,['V74M']
P61626_1gb8_29aa4_unrelaxed_rank_5_model_1.pdb,0.15010242503966145,['V74M']
