name,rmsd,mut
P61626_1lhl_2d062_unrelaxed_rank_1_model_5.pdb,0.1645809845771548,['A47P']
P61626_1lhl_2d062_unrelaxed_rank_2_model_3.pdb,0.16444211925912539,['A47P']
P61626_1lhl_2d062_unrelaxed_rank_3_model_4.pdb,0.17922188831300184,['A47P']
P61626_1lhl_2d062_unrelaxed_rank_4_model_2.pdb,0.16689816519566375,['A47P']
P61626_1lhl_2d062_unrelaxed_rank_5_model_1.pdb,0.15424037079312217,['A47P']
