name,rmsd,mut
P61626_1gb9_b5251_unrelaxed_rank_1_model_5.pdb,0.16627661783887593,['V74F']
P61626_1gb9_b5251_unrelaxed_rank_2_model_3.pdb,0.16598698639596057,['V74F']
P61626_1gb9_b5251_unrelaxed_rank_3_model_4.pdb,0.18260708763453634,['V74F']
P61626_1gb9_b5251_unrelaxed_rank_4_model_2.pdb,0.17736229230371686,['V74F']
P61626_1gb9_b5251_unrelaxed_rank_5_model_1.pdb,0.14967623014588885,['V74F']
