name,rmsd,mut
P61626_1wqm_98012_unrelaxed_rank_1_model_5.pdb,0.16194628464272817,['Y124F']
P61626_1wqm_98012_unrelaxed_rank_2_model_3.pdb,0.1681700167560981,['Y124F']
P61626_1wqm_98012_unrelaxed_rank_3_model_4.pdb,0.17510302278549647,['Y124F']
P61626_1wqm_98012_unrelaxed_rank_4_model_2.pdb,0.16645670400438461,['Y124F']
P61626_1wqm_98012_unrelaxed_rank_5_model_1.pdb,0.15711844691112936,['Y124F']
