name,rmsd,mut
P00720_2hee_65a71_unrelaxed_rank_1_model_5.pdb,0.17215976092007246,['I59G']
P00720_2hee_65a71_unrelaxed_rank_2_model_3.pdb,0.17714433321302225,['I59G']
P00720_2hee_65a71_unrelaxed_rank_3_model_4.pdb,0.1811623951879233,['I59G']
P00720_2hee_65a71_unrelaxed_rank_4_model_2.pdb,0.18231366853752104,['I59G']
P00720_2hee_65a71_unrelaxed_rank_5_model_1.pdb,0.17915266865127694,['I59G']
