name,rmsd,mut
P61626_1oud_5e5e7_unrelaxed_rank_1_model_5.pdb,0.17324222789124952,['V121A']
P61626_1oud_5e5e7_unrelaxed_rank_2_model_3.pdb,0.18076960442665627,['V121A']
P61626_1oud_5e5e7_unrelaxed_rank_3_model_4.pdb,0.1856095368120291,['V121A']
P61626_1oud_5e5e7_unrelaxed_rank_4_model_2.pdb,0.1857915857587626,['V121A']
P61626_1oud_5e5e7_unrelaxed_rank_5_model_1.pdb,0.1608990440753044,['V121A']
