name,rmsd,mut
P61626_1oui_75b31_unrelaxed_rank_1_model_5.pdb,0.22264655369667852,['V93A']
P61626_1oui_75b31_unrelaxed_rank_2_model_3.pdb,0.18584676075536433,['V93A']
P61626_1oui_75b31_unrelaxed_rank_3_model_4.pdb,0.1975278592307519,['V93A']
P61626_1oui_75b31_unrelaxed_rank_4_model_2.pdb,0.20288879439448887,['V93A']
P61626_1oui_75b31_unrelaxed_rank_5_model_1.pdb,0.17464997727075174,['V93A']
