name,rmsd,mut
P61626_1yan_2f240_unrelaxed_rank_1_model_5.pdb,0.17152555297484604,['I23V']
P61626_1yan_2f240_unrelaxed_rank_2_model_3.pdb,0.17684705180361596,['I23V']
P61626_1yan_2f240_unrelaxed_rank_3_model_4.pdb,0.18506599408102042,['I23V']
P61626_1yan_2f240_unrelaxed_rank_4_model_2.pdb,0.18970666189601054,['I23V']
P61626_1yan_2f240_unrelaxed_rank_5_model_1.pdb,0.16472322366824937,['I23V']
