name,rmsd,mut
P61626_1wqq_80b67_unrelaxed_rank_1_model_5.pdb,0.17688291799892467,['Y54F']
P61626_1wqq_80b67_unrelaxed_rank_2_model_3.pdb,0.18367708119247955,['Y54F']
P61626_1wqq_80b67_unrelaxed_rank_3_model_4.pdb,0.1973894025439554,['Y54F']
P61626_1wqq_80b67_unrelaxed_rank_4_model_2.pdb,0.22063041665764596,['Y54F']
P61626_1wqq_80b67_unrelaxed_rank_5_model_1.pdb,0.16383331775798027,['Y54F']
